[2026-08-12 17:29:40.360] [5029] [HailoRT] [error] [file_utils.cpp:124] [open] CHECK failed - Failed opening file, path: yolo8n.hef
[2026-08-12 17:29:40.365] [5029] [HailoRT] [error] [hef.cpp:560] [parse_hef_file] CHECK_SUCCESS failed with status=HAILO_OPEN_FILE_FAILURE(13)
[2026-08-12 17:29:40.367] [5029] [HailoRT] [error] [hef.cpp:1060] [Impl] Failed parsing HEF file
[2026-08-12 17:29:40.368] [5029] [HailoRT] [error] [hef.cpp:333] [create] Failed creating HEF
[2026-08-12 17:29:40.369] [5029] [HailoRT] [error] [hef.cpp:168] [create] CHECK_SUCCESS failed with status=HAILO_OPEN_FILE_FAILURE(13)
[2026-08-12 17:30:33.431] [5072] [HailoRT] [error] [file_utils.cpp:124] [open] CHECK failed - Failed opening file, path: yolov8n.hef
[2026-08-12 17:30:33.431] [5072] [HailoRT] [error] [hef.cpp:560] [parse_hef_file] CHECK_SUCCESS failed with status=HAILO_OPEN_FILE_FAILURE(13)
[2026-08-12 17:30:33.431] [5072] [HailoRT] [error] [hef.cpp:1060] [Impl] Failed parsing HEF file
[2026-08-12 17:30:33.431] [5072] [HailoRT] [error] [hef.cpp:333] [create] Failed creating HEF
[2026-08-12 17:30:33.431] [5072] [HailoRT] [error] [hef.cpp:168] [create] CHECK_SUCCESS failed with status=HAILO_OPEN_FILE_FAILURE(13)
[2026-08-12 17:30:54.807] [5126] [HailoRT] [error] [file_utils.cpp:124] [open] CHECK failed - Failed opening file, path: yolov8n.hef
[2026-08-12 17:30:54.808] [5126] [HailoRT] [error] [hef.cpp:560] [parse_hef_file] CHECK_SUCCESS failed with status=HAILO_OPEN_FILE_FAILURE(13)
[2026-08-12 17:30:54.811] [5126] [HailoRT] [error] [hef.cpp:1060] [Impl] Failed parsing HEF file
[2026-08-12 17:30:54.811] [5126] [HailoRT] [error] [hef.cpp:333] [create] Failed creating HEF
[2026-08-12 17:30:54.812] [5126] [HailoRT] [error] [hef.cpp:168] [create] CHECK_SUCCESS failed with status=HAILO_OPEN_FILE_FAILURE(13)
[2026-08-12 17:33:06.821] [5172] [HailoRT] [info] [vdevice.cpp:535] [create] Creating vdevice with params: device_count: 1, scheduling_algorithm: NONE, multi_process_service: false
[2026-08-12 17:33:06.841] [5172] [HailoRT] [info] [device.cpp:51] [Device] OS Version: Linux 6.18.39+rpt-rpi-2712 #1 SMP PREEMPT Debian 1:6.18.39-1+rpt1 (2026-07-29) aarch64
[2026-08-12 17:33:06.841] [5172] [HailoRT] [info] [control.cpp:113] [control__parse_identify_results] firmware_version is: 4.23.0
[2026-08-12 17:33:06.841] [5172] [HailoRT] [info] [vdevice.cpp:682] [create] VDevice Infos: 0001:01:00.0
[2026-08-12 17:33:32.077] [5239] [HailoRT] [info] [vdevice.cpp:535] [create] Creating vdevice with params: device_count: 1, scheduling_algorithm: NONE, multi_process_service: false
[2026-08-12 17:33:32.090] [5239] [HailoRT] [info] [device.cpp:51] [Device] OS Version: Linux 6.18.39+rpt-rpi-2712 #1 SMP PREEMPT Debian 1:6.18.39-1+rpt1 (2026-07-29) aarch64
[2026-08-12 17:33:32.090] [5239] [HailoRT] [info] [control.cpp:113] [control__parse_identify_results] firmware_version is: 4.23.0
[2026-08-12 17:33:32.090] [5239] [HailoRT] [info] [vdevice.cpp:682] [create] VDevice Infos: 0001:01:00.0
[2026-08-12 17:40:35.723] [5304] [HailoRT] [info] [vdevice.cpp:535] [create] Creating vdevice with params: device_count: 1, scheduling_algorithm: NONE, multi_process_service: false
[2026-08-12 17:40:35.735] [5304] [HailoRT] [info] [device.cpp:51] [Device] OS Version: Linux 6.18.39+rpt-rpi-2712 #1 SMP PREEMPT Debian 1:6.18.39-1+rpt1 (2026-07-29) aarch64
[2026-08-12 17:40:35.735] [5304] [HailoRT] [info] [control.cpp:113] [control__parse_identify_results] firmware_version is: 4.23.0
[2026-08-12 17:40:35.735] [5304] [HailoRT] [info] [vdevice.cpp:682] [create] VDevice Infos: 0001:01:00.0
[2026-08-12 17:40:35.758] [5304] [HailoRT] [info] [internal_buffer_manager.cpp:77] [print_execution_results] Planned internal buffer memory: CMA=0 CMA-Desc=851968 Pinned=1560576. memory to edge layer usage factor is 0.78902406
[2026-08-12 17:40:35.758] [5304] [HailoRT] [info] [internal_buffer_manager.cpp:86] [print_execution_results] Default Internal buffer planner executed successfully
[2026-08-12 17:40:35.813] [5304] [HailoRT] [info] [device_internal.cpp:57] [configure] Configuring HEF took 77.139687 milliseconds
[2026-08-12 17:40:35.813] [5304] [HailoRT] [info] [vdevice.cpp:780] [configure] Configuring HEF on VDevice took 77.899374 milliseconds
[2026-08-12 17:40:35.814] [5304] [HailoRT] [info] [hef.cpp:1994] [get_network_group_and_network_name] No name was given. Addressing all networks of default network_group: yolov8n
[2026-08-12 17:40:35.815] [5304] [HailoRT] [info] [core_op.cpp:156] [activate] Activating yolov8n took 1.210188 milliseconds. Note that the function is asynchronous and thus the network is not fully activated yet.
[2026-08-12 17:40:35.815] [5304] [HailoRT] [info] [core_op.cpp:156] [activate] Activating yolov8n took 1.252003 milliseconds. Note that the function is asynchronous and thus the network is not fully activated yet.
[2026-08-12 17:40:35.818] [5304] [HailoRT] [info] [edge_elements.cpp:52] [create] Created (HwWriteEl3yolov8n/input_layer1 | hw_frame_size: 1228800)
[2026-08-12 17:40:35.821] [5304] [HailoRT] [info] [queue_elements.cpp:284] [create] Created (PushQEl3yolov8n/input_layer1 | timeout: 10s)
[2026-08-12 17:40:35.821] [5304] [HailoRT] [info] [filter_elements.cpp:101] [create] Created (PreInferEl3yolov8n/input_layer1 | Reorder - src_order: NHWC, src_shape: (640, 640, 3), dst_order: NHCW, dst_shape: (640, 640, 3))
[2026-08-12 17:40:35.821] [5304] [HailoRT] [info] [vstream.cpp:754] [InputVStreamImpl] Creating yolov8n/input_layer1...
[2026-08-12 17:40:35.821] [5304] [HailoRT] [info] [vstream_builder.cpp:102] [create_inputs] Input pipeline 'yolov8n/input_layer1': (PreInferEl3yolov8n/input_layer1 | Reorder - src_order: NHWC, src_shape: (640, 640, 3), dst_order: NHCW, dst_shape: (640, 640, 3)) >> (PushQEl3yolov8n/input_layer1 | timeout: 10s) >> (HwWriteEl3yolov8n/input_layer1 | hw_frame_size: 1228800) >> HW
[2026-08-12 17:40:35.821] [5304] [HailoRT] [info] [multi_io_elements.cpp:135] [create] Created (NmsPPMuxEl0YOLOV8-Post-Process | Op YOLOV8, Name: YOLOV8-Post-Process, Score threshold: 0.200, IoU threshold: 0.70, Classes: 80, Max bboxes per class: 100, Image height: 640, Image width: 640)
[2026-08-12 17:40:35.821] [5304] [HailoRT] [info] [edge_elements.cpp:287] [create] Created (HwReadEl3yolov8n/conv41_97 | hw_frame_size: 409600)
[2026-08-12 17:40:35.822] [5304] [HailoRT] [info] [queue_elements.cpp:657] [create] Created (PullQEl_nms3yolov8n/conv41_97 | timeout: 10s)
[2026-08-12 17:40:35.822] [5304] [HailoRT] [info] [edge_elements.cpp:287] [create] Created (HwReadEl2yolov8n/conv42_97 | hw_frame_size: 512000)
[2026-08-12 17:40:35.822] [5304] [HailoRT] [info] [queue_elements.cpp:657] [create] Created (PullQEl_nms2yolov8n/conv42_97 | timeout: 10s)
[2026-08-12 17:40:35.822] [5304] [HailoRT] [info] [edge_elements.cpp:287] [create] Created (HwReadEl1yolov8n/conv52_97 | hw_frame_size: 102400)
[2026-08-12 17:40:35.822] [5304] [HailoRT] [info] [queue_elements.cpp:657] [create] Created (PullQEl_nms1yolov8n/conv52_97 | timeout: 10s)
[2026-08-12 17:40:35.822] [5304] [HailoRT] [info] [edge_elements.cpp:287] [create] Created (HwReadEl0yolov8n/conv53_97 | hw_frame_size: 128000)
[2026-08-12 17:40:35.822] [5304] [HailoRT] [info] [queue_elements.cpp:657] [create] Created (PullQEl_nms0yolov8n/conv53_97 | timeout: 10s)
[2026-08-12 17:40:35.822] [5304] [HailoRT] [info] [edge_elements.cpp:287] [create] Created (HwReadEl3yolov8n/conv62_97 | hw_frame_size: 30720)
[2026-08-12 17:40:35.823] [5304] [HailoRT] [info] [queue_elements.cpp:657] [create] Created (PullQEl_nms3yolov8n/conv62_97 | timeout: 10s)
[2026-08-12 17:40:35.823] [5304] [HailoRT] [info] [edge_elements.cpp:287] [create] Created (HwReadEl2yolov8n/conv63_97 | hw_frame_size: 38400)
[2026-08-12 17:40:35.823] [5304] [HailoRT] [info] [queue_elements.cpp:657] [create] Created (PullQEl_nms2yolov8n/conv63_97 | timeout: 10s)
[2026-08-12 17:40:35.823] [5304] [HailoRT] [info] [queue_elements.cpp:800] [create] Created (UserBufQEl_post_infer0yolov8n/yolov8_nms_postprocess | timeout: 10s)
[2026-08-12 17:40:35.823] [5304] [HailoRT] [info] [vstream.cpp:1114] [OutputVStreamImpl] Creating yolov8n/yolov8_nms_postprocess...
[2026-08-12 17:40:35.823] [5304] [HailoRT] [info] [vstream_builder.cpp:622] [create_output_post_process_nms] Output pipeline 'yolov8n/yolov8_nms_postprocess': HW >> (HwReadEl3yolov8n/conv41_97 | hw_frame_size: 409600) >> (PullQEl_nms3yolov8n/conv41_97) >> (HwReadEl2yolov8n/conv42_97 | hw_frame_size: 512000) >> (PullQEl_nms2yolov8n/conv42_97) >> (HwReadEl1yolov8n/conv52_97 | hw_frame_size: 102400) >> (PullQEl_nms1yolov8n/conv52_97) >> (HwReadEl0yolov8n/conv53_97 | hw_frame_size: 128000) >> (PullQEl_nms0yolov8n/conv53_97) >> (HwReadEl3yolov8n/conv62_97 | hw_frame_size: 30720) >> (PullQEl_nms3yolov8n/conv62_97) >> (HwReadEl2yolov8n/conv63_97 | hw_frame_size: 38400) >> (PullQEl_nms2yolov8n/conv63_97) >> (NmsPPMuxEl0YOLOV8-Post-Process | Op YOLOV8, Name: YOLOV8-Post-Process, Score threshold: 0.200, IoU threshold: 0.70, Classes: 80, Max bboxes per class: 100, Image height: 640, Image width: 640) >> (UserBufQEl_post_infer0yolov8n/yolov8_nms_postprocess | timeout: 10s)
[2026-08-12 17:40:35.837] [5315] [HailoRT] [info] [vdevice_native_stream.cpp:331] [read_impl] Failed read from stream HAILO_STREAM_ABORT(63) (device: 0001:01:00.0)
[2026-08-12 17:40:35.837] [5315] [HailoRT] [info] [edge_elements.cpp:396] [run_pull] Reading from stream was aborted!
[2026-08-12 17:40:35.837] [5318] [HailoRT] [info] [vdevice_native_stream.cpp:331] [read_impl] Failed read from stream HAILO_STREAM_ABORT(63) (device: 0001:01:00.0)
[2026-08-12 17:40:35.837] [5318] [HailoRT] [info] [edge_elements.cpp:396] [run_pull] Reading from stream was aborted!
[2026-08-12 17:40:35.837] [5318] [HailoRT] [info] [queue_elements.cpp:738] [run_in_thread] run_pull of queue element PullQEl_nms3yolov8n/conv62_97 was aborted!
[2026-08-12 17:40:35.837] [5315] [HailoRT] [info] [queue_elements.cpp:738] [run_in_thread] run_pull of queue element PullQEl_nms2yolov8n/conv42_97 was aborted!
[2026-08-12 17:40:35.837] [5317] [HailoRT] [info] [vdevice_native_stream.cpp:331] [read_impl] Failed read from stream HAILO_STREAM_ABORT(63) (device: 0001:01:00.0)
[2026-08-12 17:40:35.837] [5317] [HailoRT] [info] [edge_elements.cpp:396] [run_pull] Reading from stream was aborted!
[2026-08-12 17:40:35.837] [5316] [HailoRT] [info] [vdevice_native_stream.cpp:331] [read_impl] Failed read from stream HAILO_STREAM_ABORT(63) (device: 0001:01:00.0)
[2026-08-12 17:40:35.837] [5316] [HailoRT] [info] [edge_elements.cpp:396] [run_pull] Reading from stream was aborted!
[2026-08-12 17:40:35.837] [5314] [HailoRT] [info] [vdevice_native_stream.cpp:331] [read_impl] Failed read from stream HAILO_STREAM_ABORT(63) (device: 0001:01:00.0)
[2026-08-12 17:40:35.838] [5314] [HailoRT] [info] [edge_elements.cpp:396] [run_pull] Reading from stream was aborted!
[2026-08-12 17:40:35.838] [5314] [HailoRT] [info] [queue_elements.cpp:738] [run_in_thread] run_pull of queue element PullQEl_nms3yolov8n/conv41_97 was aborted!
[2026-08-12 17:40:35.838] [5316] [HailoRT] [info] [queue_elements.cpp:738] [run_in_thread] run_pull of queue element PullQEl_nms1yolov8n/conv52_97 was aborted!
[2026-08-12 17:40:35.838] [5319] [HailoRT] [info] [vdevice_native_stream.cpp:331] [read_impl] Failed read from stream HAILO_STREAM_ABORT(63) (device: 0001:01:00.0)
[2026-08-12 17:40:35.838] [5319] [HailoRT] [info] [edge_elements.cpp:396] [run_pull] Reading from stream was aborted!
[2026-08-12 17:40:35.838] [5319] [HailoRT] [info] [queue_elements.cpp:738] [run_in_thread] run_pull of queue element PullQEl_nms2yolov8n/conv63_97 was aborted!
[2026-08-12 17:40:35.837] [5317] [HailoRT] [info] [queue_elements.cpp:738] [run_in_thread] run_pull of queue element PullQEl_nms0yolov8n/conv53_97 was aborted!
[2026-08-12 17:40:35.838] [5320] [HailoRT] [info] [queue_elements.cpp:68] [operator()] Thread in element UserBufQEl_post_infer0yolov8n/yolov8_nms_postprocess is not running anymore, exiting..
[2026-08-12 17:40:35.838] [5304] [HailoRT] [info] [queue_elements.cpp:46] [~BaseQueueElement] Queue element UserBufQEl_post_infer0yolov8n/yolov8_nms_postprocess has 0 frames in his Queue on destruction
[2026-08-12 17:40:35.838] [5319] [HailoRT] [info] [queue_elements.cpp:68] [operator()] Thread in element PullQEl_nms2yolov8n/conv63_97 is not running anymore, exiting..
[2026-08-12 17:40:35.838] [5304] [HailoRT] [info] [queue_elements.cpp:46] [~BaseQueueElement] Queue element PullQEl_nms2yolov8n/conv63_97 has 0 frames in his Queue on destruction
[2026-08-12 17:40:35.838] [5318] [HailoRT] [info] [queue_elements.cpp:68] [operator()] Thread in element PullQEl_nms3yolov8n/conv62_97 is not running anymore, exiting..
[2026-08-12 17:40:35.838] [5304] [HailoRT] [info] [queue_elements.cpp:46] [~BaseQueueElement] Queue element PullQEl_nms3yolov8n/conv62_97 has 0 frames in his Queue on destruction
[2026-08-12 17:40:35.838] [5317] [HailoRT] [info] [queue_elements.cpp:68] [operator()] Thread in element PullQEl_nms0yolov8n/conv53_97 is not running anymore, exiting..
[2026-08-12 17:40:35.838] [5304] [HailoRT] [info] [queue_elements.cpp:46] [~BaseQueueElement] Queue element PullQEl_nms0yolov8n/conv53_97 has 0 frames in his Queue on destruction
[2026-08-12 17:40:35.838] [5316] [HailoRT] [info] [queue_elements.cpp:68] [operator()] Thread in element PullQEl_nms1yolov8n/conv52_97 is not running anymore, exiting..
[2026-08-12 17:40:35.838] [5304] [HailoRT] [info] [queue_elements.cpp:46] [~BaseQueueElement] Queue element PullQEl_nms1yolov8n/conv52_97 has 0 frames in his Queue on destruction
[2026-08-12 17:40:35.838] [5315] [HailoRT] [info] [queue_elements.cpp:68] [operator()] Thread in element PullQEl_nms2yolov8n/conv42_97 is not running anymore, exiting..
[2026-08-12 17:40:35.838] [5304] [HailoRT] [info] [queue_elements.cpp:46] [~BaseQueueElement] Queue element PullQEl_nms2yolov8n/conv42_97 has 0 frames in his Queue on destruction
[2026-08-12 17:40:35.838] [5314] [HailoRT] [info] [queue_elements.cpp:68] [operator()] Thread in element PullQEl_nms3yolov8n/conv41_97 is not running anymore, exiting..
[2026-08-12 17:40:35.838] [5304] [HailoRT] [info] [queue_elements.cpp:46] [~BaseQueueElement] Queue element PullQEl_nms3yolov8n/conv41_97 has 0 frames in his Queue on destruction
[2026-08-12 17:40:35.839] [5313] [HailoRT] [info] [queue_elements.cpp:68] [operator()] Thread in element PushQEl3yolov8n/input_layer1 is not running anymore, exiting..
[2026-08-12 17:40:35.839] [5304] [HailoRT] [info] [queue_elements.cpp:46] [~BaseQueueElement] Queue element PushQEl3yolov8n/input_layer1 has 0 frames in his Queue on destruction
[2026-08-12 17:40:35.839] [5304] [HailoRT] [info] [core_op.cpp:186] [deactivate] Deactivating took 0.513835 ms
[2026-08-12 17:40:35.839] [5304] [HailoRT] [info] [core_op.cpp:186] [deactivate] Deactivating took 0.539205 ms
[2026-08-12 17:40:50.294] [5379] [HailoRT] [info] [vdevice.cpp:535] [create] Creating vdevice with params: device_count: 1, scheduling_algorithm: NONE, multi_process_service: false
[2026-08-12 17:40:50.306] [5379] [HailoRT] [info] [device.cpp:51] [Device] OS Version: Linux 6.18.39+rpt-rpi-2712 #1 SMP PREEMPT Debian 1:6.18.39-1+rpt1 (2026-07-29) aarch64
[2026-08-12 17:40:50.311] [5379] [HailoRT] [info] [control.cpp:113] [control__parse_identify_results] firmware_version is: 4.23.0
[2026-08-12 17:40:50.311] [5379] [HailoRT] [info] [vdevice.cpp:682] [create] VDevice Infos: 0001:01:00.0
[2026-08-12 17:40:50.320] [5379] [HailoRT] [info] [internal_buffer_manager.cpp:77] [print_execution_results] Planned internal buffer memory: CMA=0 CMA-Desc=851968 Pinned=1560576. memory to edge layer usage factor is 0.78902406
[2026-08-12 17:40:50.320] [5379] [HailoRT] [info] [internal_buffer_manager.cpp:86] [print_execution_results] Default Internal buffer planner executed successfully
[2026-08-12 17:40:50.409] [5379] [HailoRT] [info] [device_internal.cpp:57] [configure] Configuring HEF took 98.115655 milliseconds
[2026-08-12 17:40:50.410] [5379] [HailoRT] [info] [vdevice.cpp:780] [configure] Configuring HEF on VDevice took 98.498952 milliseconds
[2026-08-12 17:40:50.410] [5379] [HailoRT] [info] [hef.cpp:1994] [get_network_group_and_network_name] No name was given. Addressing all networks of default network_group: yolov8n
[2026-08-12 17:40:50.410] [5379] [HailoRT] [info] [core_op.cpp:156] [activate] Activating yolov8n took 0.677501 milliseconds. Note that the function is asynchronous and thus the network is not fully activated yet.
[2026-08-12 17:40:50.410] [5379] [HailoRT] [info] [core_op.cpp:156] [activate] Activating yolov8n took 0.689539 milliseconds. Note that the function is asynchronous and thus the network is not fully activated yet.
[2026-08-12 17:40:50.411] [5379] [HailoRT] [info] [edge_elements.cpp:52] [create] Created (HwWriteEl3yolov8n/input_layer1 | hw_frame_size: 1228800)
[2026-08-12 17:40:50.411] [5379] [HailoRT] [info] [queue_elements.cpp:284] [create] Created (PushQEl3yolov8n/input_layer1 | timeout: 10s)
[2026-08-12 17:40:50.411] [5379] [HailoRT] [info] [filter_elements.cpp:101] [create] Created (PreInferEl3yolov8n/input_layer1 | Reorder - src_order: NHWC, src_shape: (640, 640, 3), dst_order: NHCW, dst_shape: (640, 640, 3))
[2026-08-12 17:40:50.411] [5379] [HailoRT] [info] [vstream.cpp:754] [InputVStreamImpl] Creating yolov8n/input_layer1...
[2026-08-12 17:40:50.411] [5379] [HailoRT] [info] [vstream_builder.cpp:102] [create_inputs] Input pipeline 'yolov8n/input_layer1': (PreInferEl3yolov8n/input_layer1 | Reorder - src_order: NHWC, src_shape: (640, 640, 3), dst_order: NHCW, dst_shape: (640, 640, 3)) >> (PushQEl3yolov8n/input_layer1 | timeout: 10s) >> (HwWriteEl3yolov8n/input_layer1 | hw_frame_size: 1228800) >> HW
[2026-08-12 17:40:50.411] [5379] [HailoRT] [info] [multi_io_elements.cpp:135] [create] Created (NmsPPMuxEl0YOLOV8-Post-Process | Op YOLOV8, Name: YOLOV8-Post-Process, Score threshold: 0.200, IoU threshold: 0.70, Classes: 80, Max bboxes per class: 100, Image height: 640, Image width: 640)
[2026-08-12 17:40:50.411] [5379] [HailoRT] [info] [edge_elements.cpp:287] [create] Created (HwReadEl3yolov8n/conv41_97 | hw_frame_size: 409600)
[2026-08-12 17:40:50.411] [5379] [HailoRT] [info] [queue_elements.cpp:657] [create] Created (PullQEl_nms3yolov8n/conv41_97 | timeout: 10s)
[2026-08-12 17:40:50.411] [5379] [HailoRT] [info] [edge_elements.cpp:287] [create] Created (HwReadEl2yolov8n/conv42_97 | hw_frame_size: 512000)
[2026-08-12 17:40:50.411] [5379] [HailoRT] [info] [queue_elements.cpp:657] [create] Created (PullQEl_nms2yolov8n/conv42_97 | timeout: 10s)
[2026-08-12 17:40:50.411] [5379] [HailoRT] [info] [edge_elements.cpp:287] [create] Created (HwReadEl1yolov8n/conv52_97 | hw_frame_size: 102400)
[2026-08-12 17:40:50.411] [5379] [HailoRT] [info] [queue_elements.cpp:657] [create] Created (PullQEl_nms1yolov8n/conv52_97 | timeout: 10s)
[2026-08-12 17:40:50.411] [5379] [HailoRT] [info] [edge_elements.cpp:287] [create] Created (HwReadEl0yolov8n/conv53_97 | hw_frame_size: 128000)
[2026-08-12 17:40:50.412] [5379] [HailoRT] [info] [queue_elements.cpp:657] [create] Created (PullQEl_nms0yolov8n/conv53_97 | timeout: 10s)
[2026-08-12 17:40:50.412] [5379] [HailoRT] [info] [edge_elements.cpp:287] [create] Created (HwReadEl3yolov8n/conv62_97 | hw_frame_size: 30720)
[2026-08-12 17:40:50.412] [5379] [HailoRT] [info] [queue_elements.cpp:657] [create] Created (PullQEl_nms3yolov8n/conv62_97 | timeout: 10s)
[2026-08-12 17:40:50.412] [5379] [HailoRT] [info] [edge_elements.cpp:287] [create] Created (HwReadEl2yolov8n/conv63_97 | hw_frame_size: 38400)
[2026-08-12 17:40:50.412] [5379] [HailoRT] [info] [queue_elements.cpp:657] [create] Created (PullQEl_nms2yolov8n/conv63_97 | timeout: 10s)
[2026-08-12 17:40:50.412] [5379] [HailoRT] [info] [queue_elements.cpp:800] [create] Created (UserBufQEl_post_infer0yolov8n/yolov8_nms_postprocess | timeout: 10s)
[2026-08-12 17:40:50.412] [5379] [HailoRT] [info] [vstream.cpp:1114] [OutputVStreamImpl] Creating yolov8n/yolov8_nms_postprocess...
[2026-08-12 17:40:50.412] [5379] [HailoRT] [info] [vstream_builder.cpp:622] [create_output_post_process_nms] Output pipeline 'yolov8n/yolov8_nms_postprocess': HW >> (HwReadEl3yolov8n/conv41_97 | hw_frame_size: 409600) >> (PullQEl_nms3yolov8n/conv41_97) >> (HwReadEl2yolov8n/conv42_97 | hw_frame_size: 512000) >> (PullQEl_nms2yolov8n/conv42_97) >> (HwReadEl1yolov8n/conv52_97 | hw_frame_size: 102400) >> (PullQEl_nms1yolov8n/conv52_97) >> (HwReadEl0yolov8n/conv53_97 | hw_frame_size: 128000) >> (PullQEl_nms0yolov8n/conv53_97) >> (HwReadEl3yolov8n/conv62_97 | hw_frame_size: 30720) >> (PullQEl_nms3yolov8n/conv62_97) >> (HwReadEl2yolov8n/conv63_97 | hw_frame_size: 38400) >> (PullQEl_nms2yolov8n/conv63_97) >> (NmsPPMuxEl0YOLOV8-Post-Process | Op YOLOV8, Name: YOLOV8-Post-Process, Score threshold: 0.200, IoU threshold: 0.70, Classes: 80, Max bboxes per class: 100, Image height: 640, Image width: 640) >> (UserBufQEl_post_infer0yolov8n/yolov8_nms_postprocess | timeout: 10s)
[2026-08-12 17:40:50.416] [5392] [HailoRT] [info] [vdevice_native_stream.cpp:331] [read_impl] Failed read from stream HAILO_STREAM_ABORT(63) (device: 0001:01:00.0)
[2026-08-12 17:40:50.416] [5392] [HailoRT] [info] [edge_elements.cpp:396] [run_pull] Reading from stream was aborted!
[2026-08-12 17:40:50.416] [5391] [HailoRT] [info] [vdevice_native_stream.cpp:331] [read_impl] Failed read from stream HAILO_STREAM_ABORT(63) (device: 0001:01:00.0)
[2026-08-12 17:40:50.416] [5391] [HailoRT] [info] [edge_elements.cpp:396] [run_pull] Reading from stream was aborted!
[2026-08-12 17:40:50.416] [5389] [HailoRT] [info] [vdevice_native_stream.cpp:331] [read_impl] Failed read from stream HAILO_STREAM_ABORT(63) (device: 0001:01:00.0)
[2026-08-12 17:40:50.416] [5389] [HailoRT] [info] [edge_elements.cpp:396] [run_pull] Reading from stream was aborted!
[2026-08-12 17:40:50.416] [5392] [HailoRT] [info] [queue_elements.cpp:738] [run_in_thread] run_pull of queue element PullQEl_nms0yolov8n/conv53_97 was aborted!
[2026-08-12 17:40:50.416] [5391] [HailoRT] [info] [queue_elements.cpp:738] [run_in_thread] run_pull of queue element PullQEl_nms1yolov8n/conv52_97 was aborted!
[2026-08-12 17:40:50.416] [5396] [HailoRT] [info] [vdevice_native_stream.cpp:331] [read_impl] Failed read from stream HAILO_STREAM_ABORT(63) (device: 0001:01:00.0)
[2026-08-12 17:40:50.416] [5394] [HailoRT] [info] [vdevice_native_stream.cpp:331] [read_impl] Failed read from stream HAILO_STREAM_ABORT(63) (device: 0001:01:00.0)
[2026-08-12 17:40:50.416] [5394] [HailoRT] [info] [edge_elements.cpp:396] [run_pull] Reading from stream was aborted!
[2026-08-12 17:40:50.416] [5396] [HailoRT] [info] [edge_elements.cpp:396] [run_pull] Reading from stream was aborted!
[2026-08-12 17:40:50.416] [5396] [HailoRT] [info] [queue_elements.cpp:738] [run_in_thread] run_pull of queue element PullQEl_nms2yolov8n/conv63_97 was aborted!
[2026-08-12 17:40:50.416] [5394] [HailoRT] [info] [queue_elements.cpp:738] [run_in_thread] run_pull of queue element PullQEl_nms3yolov8n/conv62_97 was aborted!
[2026-08-12 17:40:50.416] [5390] [HailoRT] [info] [vdevice_native_stream.cpp:331] [read_impl] Failed read from stream HAILO_STREAM_ABORT(63) (device: 0001:01:00.0)
[2026-08-12 17:40:50.417] [5390] [HailoRT] [info] [edge_elements.cpp:396] [run_pull] Reading from stream was aborted!
[2026-08-12 17:40:50.417] [5390] [HailoRT] [info] [queue_elements.cpp:738] [run_in_thread] run_pull of queue element PullQEl_nms2yolov8n/conv42_97 was aborted!
[2026-08-12 17:40:50.416] [5389] [HailoRT] [info] [queue_elements.cpp:738] [run_in_thread] run_pull of queue element PullQEl_nms3yolov8n/conv41_97 was aborted!
[2026-08-12 17:40:50.417] [5397] [HailoRT] [info] [queue_elements.cpp:68] [operator()] Thread in element UserBufQEl_post_infer0yolov8n/yolov8_nms_postprocess is not running anymore, exiting..
[2026-08-12 17:40:50.417] [5379] [HailoRT] [info] [queue_elements.cpp:46] [~BaseQueueElement] Queue element UserBufQEl_post_infer0yolov8n/yolov8_nms_postprocess has 0 frames in his Queue on destruction
[2026-08-12 17:40:50.417] [5396] [HailoRT] [info] [queue_elements.cpp:68] [operator()] Thread in element PullQEl_nms2yolov8n/conv63_97 is not running anymore, exiting..
[2026-08-12 17:40:50.417] [5379] [HailoRT] [info] [queue_elements.cpp:46] [~BaseQueueElement] Queue element PullQEl_nms2yolov8n/conv63_97 has 0 frames in his Queue on destruction
[2026-08-12 17:40:50.417] [5394] [HailoRT] [info] [queue_elements.cpp:68] [operator()] Thread in element PullQEl_nms3yolov8n/conv62_97 is not running anymore, exiting..
[2026-08-12 17:40:50.417] [5379] [HailoRT] [info] [queue_elements.cpp:46] [~BaseQueueElement] Queue element PullQEl_nms3yolov8n/conv62_97 has 0 frames in his Queue on destruction
[2026-08-12 17:40:50.417] [5392] [HailoRT] [info] [queue_elements.cpp:68] [operator()] Thread in element PullQEl_nms0yolov8n/conv53_97 is not running anymore, exiting..
[2026-08-12 17:40:50.417] [5379] [HailoRT] [info] [queue_elements.cpp:46] [~BaseQueueElement] Queue element PullQEl_nms0yolov8n/conv53_97 has 0 frames in his Queue on destruction
[2026-08-12 17:40:50.417] [5391] [HailoRT] [info] [queue_elements.cpp:68] [operator()] Thread in element PullQEl_nms1yolov8n/conv52_97 is not running anymore, exiting..
[2026-08-12 17:40:50.417] [5379] [HailoRT] [info] [queue_elements.cpp:46] [~BaseQueueElement] Queue element PullQEl_nms1yolov8n/conv52_97 has 0 frames in his Queue on destruction
[2026-08-12 17:40:50.417] [5390] [HailoRT] [info] [queue_elements.cpp:68] [operator()] Thread in element PullQEl_nms2yolov8n/conv42_97 is not running anymore, exiting..
[2026-08-12 17:40:50.417] [5379] [HailoRT] [info] [queue_elements.cpp:46] [~BaseQueueElement] Queue element PullQEl_nms2yolov8n/conv42_97 has 0 frames in his Queue on destruction
[2026-08-12 17:40:50.417] [5389] [HailoRT] [info] [queue_elements.cpp:68] [operator()] Thread in element PullQEl_nms3yolov8n/conv41_97 is not running anymore, exiting..
[2026-08-12 17:40:50.417] [5379] [HailoRT] [info] [queue_elements.cpp:46] [~BaseQueueElement] Queue element PullQEl_nms3yolov8n/conv41_97 has 0 frames in his Queue on destruction
[2026-08-12 17:40:50.417] [5388] [HailoRT] [info] [queue_elements.cpp:68] [operator()] Thread in element PushQEl3yolov8n/input_layer1 is not running anymore, exiting..
[2026-08-12 17:40:50.417] [5379] [HailoRT] [info] [queue_elements.cpp:46] [~BaseQueueElement] Queue element PushQEl3yolov8n/input_layer1 has 0 frames in his Queue on destruction
[2026-08-12 17:40:50.418] [5379] [HailoRT] [info] [core_op.cpp:186] [deactivate] Deactivating took 0.459686 ms
[2026-08-12 17:40:50.418] [5379] [HailoRT] [info] [core_op.cpp:186] [deactivate] Deactivating took 0.472075 ms
[2026-08-12 17:44:04.728] [5516] [HailoRT] [info] [vdevice.cpp:535] [create] Creating vdevice with params: device_count: 1, scheduling_algorithm: NONE, multi_process_service: false
[2026-08-12 17:44:04.739] [5516] [HailoRT] [info] [device.cpp:51] [Device] OS Version: Linux 6.18.39+rpt-rpi-2712 #1 SMP PREEMPT Debian 1:6.18.39-1+rpt1 (2026-07-29) aarch64
[2026-08-12 17:44:04.739] [5516] [HailoRT] [info] [control.cpp:113] [control__parse_identify_results] firmware_version is: 4.23.0
[2026-08-12 17:44:04.739] [5516] [HailoRT] [info] [vdevice.cpp:682] [create] VDevice Infos: 0001:01:00.0
[2026-08-12 17:44:04.745] [5516] [HailoRT] [info] [internal_buffer_manager.cpp:77] [print_execution_results] Planned internal buffer memory: CMA=0 CMA-Desc=851968 Pinned=1560576. memory to edge layer usage factor is 0.78902406
[2026-08-12 17:44:04.745] [5516] [HailoRT] [info] [internal_buffer_manager.cpp:86] [print_execution_results] Default Internal buffer planner executed successfully
[2026-08-12 17:44:04.768] [5516] [HailoRT] [info] [device_internal.cpp:57] [configure] Configuring HEF took 28.635738 milliseconds
[2026-08-12 17:44:04.768] [5516] [HailoRT] [info] [vdevice.cpp:780] [configure] Configuring HEF on VDevice took 28.97672 milliseconds
[2026-08-12 17:44:04.768] [5516] [HailoRT] [info] [hef.cpp:1994] [get_network_group_and_network_name] No name was given. Addressing all networks of default network_group: yolov8n
[2026-08-12 17:44:04.769] [5516] [HailoRT] [info] [core_op.cpp:156] [activate] Activating yolov8n took 0.677964 milliseconds. Note that the function is asynchronous and thus the network is not fully activated yet.
[2026-08-12 17:44:04.769] [5516] [HailoRT] [info] [core_op.cpp:156] [activate] Activating yolov8n took 0.689372 milliseconds. Note that the function is asynchronous and thus the network is not fully activated yet.
[2026-08-12 17:44:04.769] [5516] [HailoRT] [info] [edge_elements.cpp:52] [create] Created (HwWriteEl3yolov8n/input_layer1 | hw_frame_size: 1228800)
[2026-08-12 17:44:04.769] [5516] [HailoRT] [info] [queue_elements.cpp:284] [create] Created (PushQEl3yolov8n/input_layer1 | timeout: 10s)
[2026-08-12 17:44:04.769] [5516] [HailoRT] [info] [filter_elements.cpp:101] [create] Created (PreInferEl3yolov8n/input_layer1 | Reorder - src_order: NHWC, src_shape: (640, 640, 3), dst_order: NHCW, dst_shape: (640, 640, 3))
[2026-08-12 17:44:04.769] [5516] [HailoRT] [info] [vstream.cpp:754] [InputVStreamImpl] Creating yolov8n/input_layer1...
[2026-08-12 17:44:04.769] [5516] [HailoRT] [info] [vstream_builder.cpp:102] [create_inputs] Input pipeline 'yolov8n/input_layer1': (PreInferEl3yolov8n/input_layer1 | Reorder - src_order: NHWC, src_shape: (640, 640, 3), dst_order: NHCW, dst_shape: (640, 640, 3)) >> (PushQEl3yolov8n/input_layer1 | timeout: 10s) >> (HwWriteEl3yolov8n/input_layer1 | hw_frame_size: 1228800) >> HW
[2026-08-12 17:44:04.770] [5516] [HailoRT] [info] [multi_io_elements.cpp:135] [create] Created (NmsPPMuxEl0YOLOV8-Post-Process | Op YOLOV8, Name: YOLOV8-Post-Process, Score threshold: 0.200, IoU threshold: 0.70, Classes: 80, Max bboxes per class: 100, Image height: 640, Image width: 640)
[2026-08-12 17:44:04.770] [5516] [HailoRT] [info] [edge_elements.cpp:287] [create] Created (HwReadEl3yolov8n/conv41_97 | hw_frame_size: 409600)
[2026-08-12 17:44:04.770] [5516] [HailoRT] [info] [queue_elements.cpp:657] [create] Created (PullQEl_nms3yolov8n/conv41_97 | timeout: 10s)
[2026-08-12 17:44:04.770] [5516] [HailoRT] [info] [edge_elements.cpp:287] [create] Created (HwReadEl2yolov8n/conv42_97 | hw_frame_size: 512000)
[2026-08-12 17:44:04.770] [5516] [HailoRT] [info] [queue_elements.cpp:657] [create] Created (PullQEl_nms2yolov8n/conv42_97 | timeout: 10s)
[2026-08-12 17:44:04.770] [5516] [HailoRT] [info] [edge_elements.cpp:287] [create] Created (HwReadEl1yolov8n/conv52_97 | hw_frame_size: 102400)
[2026-08-12 17:44:04.770] [5516] [HailoRT] [info] [queue_elements.cpp:657] [create] Created (PullQEl_nms1yolov8n/conv52_97 | timeout: 10s)
[2026-08-12 17:44:04.770] [5516] [HailoRT] [info] [edge_elements.cpp:287] [create] Created (HwReadEl0yolov8n/conv53_97 | hw_frame_size: 128000)
[2026-08-12 17:44:04.770] [5516] [HailoRT] [info] [queue_elements.cpp:657] [create] Created (PullQEl_nms0yolov8n/conv53_97 | timeout: 10s)
[2026-08-12 17:44:04.770] [5516] [HailoRT] [info] [edge_elements.cpp:287] [create] Created (HwReadEl3yolov8n/conv62_97 | hw_frame_size: 30720)
[2026-08-12 17:44:04.770] [5516] [HailoRT] [info] [queue_elements.cpp:657] [create] Created (PullQEl_nms3yolov8n/conv62_97 | timeout: 10s)
[2026-08-12 17:44:04.770] [5516] [HailoRT] [info] [edge_elements.cpp:287] [create] Created (HwReadEl2yolov8n/conv63_97 | hw_frame_size: 38400)
[2026-08-12 17:44:04.770] [5516] [HailoRT] [info] [queue_elements.cpp:657] [create] Created (PullQEl_nms2yolov8n/conv63_97 | timeout: 10s)
[2026-08-12 17:44:04.770] [5516] [HailoRT] [info] [queue_elements.cpp:800] [create] Created (UserBufQEl_post_infer0yolov8n/yolov8_nms_postprocess | timeout: 10s)
[2026-08-12 17:44:04.770] [5516] [HailoRT] [info] [vstream.cpp:1114] [OutputVStreamImpl] Creating yolov8n/yolov8_nms_postprocess...
[2026-08-12 17:44:04.770] [5516] [HailoRT] [info] [vstream_builder.cpp:622] [create_output_post_process_nms] Output pipeline 'yolov8n/yolov8_nms_postprocess': HW >> (HwReadEl3yolov8n/conv41_97 | hw_frame_size: 409600) >> (PullQEl_nms3yolov8n/conv41_97) >> (HwReadEl2yolov8n/conv42_97 | hw_frame_size: 512000) >> (PullQEl_nms2yolov8n/conv42_97) >> (HwReadEl1yolov8n/conv52_97 | hw_frame_size: 102400) >> (PullQEl_nms1yolov8n/conv52_97) >> (HwReadEl0yolov8n/conv53_97 | hw_frame_size: 128000) >> (PullQEl_nms0yolov8n/conv53_97) >> (HwReadEl3yolov8n/conv62_97 | hw_frame_size: 30720) >> (PullQEl_nms3yolov8n/conv62_97) >> (HwReadEl2yolov8n/conv63_97 | hw_frame_size: 38400) >> (PullQEl_nms2yolov8n/conv63_97) >> (NmsPPMuxEl0YOLOV8-Post-Process | Op YOLOV8, Name: YOLOV8-Post-Process, Score threshold: 0.200, IoU threshold: 0.70, Classes: 80, Max bboxes per class: 100, Image height: 640, Image width: 640) >> (UserBufQEl_post_infer0yolov8n/yolov8_nms_postprocess | timeout: 10s)
[2026-08-12 17:51:46.633] [5531] [HailoRT] [info] [vdevice_native_stream.cpp:331] [read_impl] Failed read from stream HAILO_STREAM_ABORT(63) (device: 0001:01:00.0)
[2026-08-12 17:51:46.633] [5531] [HailoRT] [info] [edge_elements.cpp:396] [run_pull] Reading from stream was aborted!
[2026-08-12 17:51:46.633] [5531] [HailoRT] [info] [queue_elements.cpp:738] [run_in_thread] run_pull of queue element PullQEl_nms0yolov8n/conv53_97 was aborted!
[2026-08-12 17:51:46.633] [5530] [HailoRT] [info] [vdevice_native_stream.cpp:331] [read_impl] Failed read from stream HAILO_STREAM_ABORT(63) (device: 0001:01:00.0)
[2026-08-12 17:51:46.633] [5530] [HailoRT] [info] [edge_elements.cpp:396] [run_pull] Reading from stream was aborted!
[2026-08-12 17:51:46.633] [5530] [HailoRT] [info] [queue_elements.cpp:738] [run_in_thread] run_pull of queue element PullQEl_nms1yolov8n/conv52_97 was aborted!
[2026-08-12 17:51:46.633] [5532] [HailoRT] [info] [vdevice_native_stream.cpp:331] [read_impl] Failed read from stream HAILO_STREAM_ABORT(63) (device: 0001:01:00.0)
[2026-08-12 17:51:46.633] [5532] [HailoRT] [info] [edge_elements.cpp:396] [run_pull] Reading from stream was aborted!
[2026-08-12 17:51:46.633] [5532] [HailoRT] [info] [queue_elements.cpp:738] [run_in_thread] run_pull of queue element PullQEl_nms3yolov8n/conv62_97 was aborted!
[2026-08-12 17:51:46.633] [5529] [HailoRT] [info] [vdevice_native_stream.cpp:331] [read_impl] Failed read from stream HAILO_STREAM_ABORT(63) (device: 0001:01:00.0)
[2026-08-12 17:51:46.634] [5529] [HailoRT] [info] [edge_elements.cpp:396] [run_pull] Reading from stream was aborted!
[2026-08-12 17:51:46.634] [5529] [HailoRT] [info] [queue_elements.cpp:738] [run_in_thread] run_pull of queue element PullQEl_nms2yolov8n/conv42_97 was aborted!
[2026-08-12 17:51:46.633] [5528] [HailoRT] [info] [vdevice_native_stream.cpp:331] [read_impl] Failed read from stream HAILO_STREAM_ABORT(63) (device: 0001:01:00.0)
[2026-08-12 17:51:46.634] [5528] [HailoRT] [info] [edge_elements.cpp:396] [run_pull] Reading from stream was aborted!
[2026-08-12 17:51:46.634] [5528] [HailoRT] [info] [queue_elements.cpp:738] [run_in_thread] run_pull of queue element PullQEl_nms3yolov8n/conv41_97 was aborted!
[2026-08-12 17:51:46.635] [5533] [HailoRT] [info] [vdevice_native_stream.cpp:331] [read_impl] Failed read from stream HAILO_STREAM_ABORT(63) (device: 0001:01:00.0)
[2026-08-12 17:51:46.635] [5533] [HailoRT] [info] [edge_elements.cpp:396] [run_pull] Reading from stream was aborted!
[2026-08-12 17:51:46.635] [5533] [HailoRT] [info] [queue_elements.cpp:738] [run_in_thread] run_pull of queue element PullQEl_nms2yolov8n/conv63_97 was aborted!
[2026-08-12 17:51:46.636] [5534] [HailoRT] [info] [queue_elements.cpp:68] [operator()] Thread in element UserBufQEl_post_infer0yolov8n/yolov8_nms_postprocess is not running anymore, exiting..
[2026-08-12 17:51:46.636] [5516] [HailoRT] [info] [queue_elements.cpp:46] [~BaseQueueElement] Queue element UserBufQEl_post_infer0yolov8n/yolov8_nms_postprocess has 0 frames in his Queue on destruction
[2026-08-12 17:51:46.636] [5533] [HailoRT] [info] [queue_elements.cpp:68] [operator()] Thread in element PullQEl_nms2yolov8n/conv63_97 is not running anymore, exiting..
[2026-08-12 17:51:46.639] [5516] [HailoRT] [info] [queue_elements.cpp:46] [~BaseQueueElement] Queue element PullQEl_nms2yolov8n/conv63_97 has 0 frames in his Queue on destruction
[2026-08-12 17:51:46.640] [5532] [HailoRT] [info] [queue_elements.cpp:68] [operator()] Thread in element PullQEl_nms3yolov8n/conv62_97 is not running anymore, exiting..
[2026-08-12 17:51:46.640] [5516] [HailoRT] [info] [queue_elements.cpp:46] [~BaseQueueElement] Queue element PullQEl_nms3yolov8n/conv62_97 has 0 frames in his Queue on destruction
[2026-08-12 17:51:46.640] [5531] [HailoRT] [info] [queue_elements.cpp:68] [operator()] Thread in element PullQEl_nms0yolov8n/conv53_97 is not running anymore, exiting..
[2026-08-12 17:51:46.640] [5516] [HailoRT] [info] [queue_elements.cpp:46] [~BaseQueueElement] Queue element PullQEl_nms0yolov8n/conv53_97 has 0 frames in his Queue on destruction
[2026-08-12 17:51:46.640] [5530] [HailoRT] [info] [queue_elements.cpp:68] [operator()] Thread in element PullQEl_nms1yolov8n/conv52_97 is not running anymore, exiting..
[2026-08-12 17:51:46.640] [5516] [HailoRT] [info] [queue_elements.cpp:46] [~BaseQueueElement] Queue element PullQEl_nms1yolov8n/conv52_97 has 0 frames in his Queue on destruction
[2026-08-12 17:51:46.640] [5529] [HailoRT] [info] [queue_elements.cpp:68] [operator()] Thread in element PullQEl_nms2yolov8n/conv42_97 is not running anymore, exiting..
[2026-08-12 17:51:46.640] [5516] [HailoRT] [info] [queue_elements.cpp:46] [~BaseQueueElement] Queue element PullQEl_nms2yolov8n/conv42_97 has 0 frames in his Queue on destruction
[2026-08-12 17:51:46.640] [5528] [HailoRT] [info] [queue_elements.cpp:68] [operator()] Thread in element PullQEl_nms3yolov8n/conv41_97 is not running anymore, exiting..
[2026-08-12 17:51:46.640] [5516] [HailoRT] [info] [queue_elements.cpp:46] [~BaseQueueElement] Queue element PullQEl_nms3yolov8n/conv41_97 has 0 frames in his Queue on destruction
[2026-08-12 17:51:46.640] [5516] [HailoRT] [info] [queue_elements.cpp:46] [~BaseQueueElement] Queue element PushQEl3yolov8n/input_layer1 has 0 frames in his Queue on destruction
[2026-08-12 17:51:46.641] [5516] [HailoRT] [info] [core_op.cpp:186] [deactivate] Deactivating took 0.550056 ms
[2026-08-12 17:51:46.641] [5516] [HailoRT] [info] [core_op.cpp:186] [deactivate] Deactivating took 0.572816 ms
[2026-08-12 17:52:50.530] [33311] [HailoRT] [info] [vdevice.cpp:535] [create] Creating vdevice with params: device_count: 1, scheduling_algorithm: NONE, multi_process_service: false
[2026-08-12 17:52:50.543] [33311] [HailoRT] [info] [device.cpp:51] [Device] OS Version: Linux 6.18.39+rpt-rpi-2712 #1 SMP PREEMPT Debian 1:6.18.39-1+rpt1 (2026-07-29) aarch64
[2026-08-12 17:52:50.543] [33311] [HailoRT] [info] [control.cpp:113] [control__parse_identify_results] firmware_version is: 4.23.0
[2026-08-12 17:52:50.543] [33311] [HailoRT] [info] [vdevice.cpp:682] [create] VDevice Infos: 0001:01:00.0
[2026-08-12 17:52:50.549] [33311] [HailoRT] [info] [internal_buffer_manager.cpp:77] [print_execution_results] Planned internal buffer memory: CMA=0 CMA-Desc=851968 Pinned=1560576. memory to edge layer usage factor is 0.78902406
[2026-08-12 17:52:50.549] [33311] [HailoRT] [info] [internal_buffer_manager.cpp:86] [print_execution_results] Default Internal buffer planner executed successfully
[2026-08-12 17:52:50.570] [33311] [HailoRT] [info] [device_internal.cpp:57] [configure] Configuring HEF took 26.853852 milliseconds
[2026-08-12 17:52:50.570] [33311] [HailoRT] [info] [vdevice.cpp:780] [configure] Configuring HEF on VDevice took 27.175408 milliseconds
[2026-08-12 17:52:50.570] [33311] [HailoRT] [info] [hef.cpp:1994] [get_network_group_and_network_name] No name was given. Addressing all networks of default network_group: yolov8n
[2026-08-12 17:52:50.571] [33311] [HailoRT] [info] [core_op.cpp:156] [activate] Activating yolov8n took 0.638408 milliseconds. Note that the function is asynchronous and thus the network is not fully activated yet.
[2026-08-12 17:52:50.571] [33311] [HailoRT] [info] [core_op.cpp:156] [activate] Activating yolov8n took 0.648668 milliseconds. Note that the function is asynchronous and thus the network is not fully activated yet.
[2026-08-12 17:52:50.571] [33311] [HailoRT] [info] [edge_elements.cpp:52] [create] Created (HwWriteEl3yolov8n/input_layer1 | hw_frame_size: 1228800)
[2026-08-12 17:52:50.571] [33311] [HailoRT] [info] [queue_elements.cpp:284] [create] Created (PushQEl3yolov8n/input_layer1 | timeout: 10s)
[2026-08-12 17:52:50.571] [33311] [HailoRT] [info] [filter_elements.cpp:101] [create] Created (PreInferEl3yolov8n/input_layer1 | Reorder - src_order: NHWC, src_shape: (640, 640, 3), dst_order: NHCW, dst_shape: (640, 640, 3))
[2026-08-12 17:52:50.571] [33311] [HailoRT] [info] [vstream.cpp:754] [InputVStreamImpl] Creating yolov8n/input_layer1...
[2026-08-12 17:52:50.571] [33311] [HailoRT] [info] [vstream_builder.cpp:102] [create_inputs] Input pipeline 'yolov8n/input_layer1': (PreInferEl3yolov8n/input_layer1 | Reorder - src_order: NHWC, src_shape: (640, 640, 3), dst_order: NHCW, dst_shape: (640, 640, 3)) >> (PushQEl3yolov8n/input_layer1 | timeout: 10s) >> (HwWriteEl3yolov8n/input_layer1 | hw_frame_size: 1228800) >> HW
[2026-08-12 17:52:50.571] [33311] [HailoRT] [info] [multi_io_elements.cpp:135] [create] Created (NmsPPMuxEl0YOLOV8-Post-Process | Op YOLOV8, Name: YOLOV8-Post-Process, Score threshold: 0.200, IoU threshold: 0.70, Classes: 80, Max bboxes per class: 100, Image height: 640, Image width: 640)
[2026-08-12 17:52:50.571] [33311] [HailoRT] [info] [edge_elements.cpp:287] [create] Created (HwReadEl3yolov8n/conv41_97 | hw_frame_size: 409600)
[2026-08-12 17:52:50.572] [33311] [HailoRT] [info] [queue_elements.cpp:657] [create] Created (PullQEl_nms3yolov8n/conv41_97 | timeout: 10s)
[2026-08-12 17:52:50.572] [33311] [HailoRT] [info] [edge_elements.cpp:287] [create] Created (HwReadEl2yolov8n/conv42_97 | hw_frame_size: 512000)
[2026-08-12 17:52:50.572] [33311] [HailoRT] [info] [queue_elements.cpp:657] [create] Created (PullQEl_nms2yolov8n/conv42_97 | timeout: 10s)
[2026-08-12 17:52:50.572] [33311] [HailoRT] [info] [edge_elements.cpp:287] [create] Created (HwReadEl1yolov8n/conv52_97 | hw_frame_size: 102400)
[2026-08-12 17:52:50.572] [33311] [HailoRT] [info] [queue_elements.cpp:657] [create] Created (PullQEl_nms1yolov8n/conv52_97 | timeout: 10s)
[2026-08-12 17:52:50.572] [33311] [HailoRT] [info] [edge_elements.cpp:287] [create] Created (HwReadEl0yolov8n/conv53_97 | hw_frame_size: 128000)
[2026-08-12 17:52:50.572] [33311] [HailoRT] [info] [queue_elements.cpp:657] [create] Created (PullQEl_nms0yolov8n/conv53_97 | timeout: 10s)
[2026-08-12 17:52:50.572] [33311] [HailoRT] [info] [edge_elements.cpp:287] [create] Created (HwReadEl3yolov8n/conv62_97 | hw_frame_size: 30720)
[2026-08-12 17:52:50.572] [33311] [HailoRT] [info] [queue_elements.cpp:657] [create] Created (PullQEl_nms3yolov8n/conv62_97 | timeout: 10s)
[2026-08-12 17:52:50.572] [33311] [HailoRT] [info] [edge_elements.cpp:287] [create] Created (HwReadEl2yolov8n/conv63_97 | hw_frame_size: 38400)
[2026-08-12 17:52:50.572] [33311] [HailoRT] [info] [queue_elements.cpp:657] [create] Created (PullQEl_nms2yolov8n/conv63_97 | timeout: 10s)
[2026-08-12 17:52:50.572] [33311] [HailoRT] [info] [queue_elements.cpp:800] [create] Created (UserBufQEl_post_infer0yolov8n/yolov8_nms_postprocess | timeout: 10s)
[2026-08-12 17:52:50.572] [33311] [HailoRT] [info] [vstream.cpp:1114] [OutputVStreamImpl] Creating yolov8n/yolov8_nms_postprocess...
[2026-08-12 17:52:50.572] [33311] [HailoRT] [info] [vstream_builder.cpp:622] [create_output_post_process_nms] Output pipeline 'yolov8n/yolov8_nms_postprocess': HW >> (HwReadEl3yolov8n/conv41_97 | hw_frame_size: 409600) >> (PullQEl_nms3yolov8n/conv41_97) >> (HwReadEl2yolov8n/conv42_97 | hw_frame_size: 512000) >> (PullQEl_nms2yolov8n/conv42_97) >> (HwReadEl1yolov8n/conv52_97 | hw_frame_size: 102400) >> (PullQEl_nms1yolov8n/conv52_97) >> (HwReadEl0yolov8n/conv53_97 | hw_frame_size: 128000) >> (PullQEl_nms0yolov8n/conv53_97) >> (HwReadEl3yolov8n/conv62_97 | hw_frame_size: 30720) >> (PullQEl_nms3yolov8n/conv62_97) >> (HwReadEl2yolov8n/conv63_97 | hw_frame_size: 38400) >> (PullQEl_nms2yolov8n/conv63_97) >> (NmsPPMuxEl0YOLOV8-Post-Process | Op YOLOV8, Name: YOLOV8-Post-Process, Score threshold: 0.200, IoU threshold: 0.70, Classes: 80, Max bboxes per class: 100, Image height: 640, Image width: 640) >> (UserBufQEl_post_infer0yolov8n/yolov8_nms_postprocess | timeout: 10s)
[2026-08-12 17:53:00.755] [33324] [HailoRT] [info] [vdevice_native_stream.cpp:331] [read_impl] Failed read from stream HAILO_STREAM_ABORT(63) (device: 0001:01:00.0)
[2026-08-12 17:53:00.755] [33324] [HailoRT] [info] [edge_elements.cpp:396] [run_pull] Reading from stream was aborted!
[2026-08-12 17:53:00.755] [33324] [HailoRT] [info] [queue_elements.cpp:738] [run_in_thread] run_pull of queue element PullQEl_nms2yolov8n/conv42_97 was aborted!
[2026-08-12 17:53:00.755] [33327] [HailoRT] [info] [vdevice_native_stream.cpp:331] [read_impl] Failed read from stream HAILO_STREAM_ABORT(63) (device: 0001:01:00.0)
[2026-08-12 17:53:00.755] [33327] [HailoRT] [info] [edge_elements.cpp:396] [run_pull] Reading from stream was aborted!
[2026-08-12 17:53:00.755] [33325] [HailoRT] [info] [vdevice_native_stream.cpp:331] [read_impl] Failed read from stream HAILO_STREAM_ABORT(63) (device: 0001:01:00.0)
[2026-08-12 17:53:00.755] [33325] [HailoRT] [info] [edge_elements.cpp:396] [run_pull] Reading from stream was aborted!
[2026-08-12 17:53:00.755] [33327] [HailoRT] [info] [queue_elements.cpp:738] [run_in_thread] run_pull of queue element PullQEl_nms3yolov8n/conv62_97 was aborted!
[2026-08-12 17:53:00.755] [33329] [HailoRT] [info] [vdevice_native_stream.cpp:331] [read_impl] Failed read from stream HAILO_STREAM_ABORT(63) (device: 0001:01:00.0)
[2026-08-12 17:53:00.755] [33329] [HailoRT] [info] [edge_elements.cpp:396] [run_pull] Reading from stream was aborted!
[2026-08-12 17:53:00.755] [33325] [HailoRT] [info] [queue_elements.cpp:738] [run_in_thread] run_pull of queue element PullQEl_nms1yolov8n/conv52_97 was aborted!
[2026-08-12 17:53:00.755] [33326] [HailoRT] [info] [vdevice_native_stream.cpp:331] [read_impl] Failed read from stream HAILO_STREAM_ABORT(63) (device: 0001:01:00.0)
[2026-08-12 17:53:00.755] [33326] [HailoRT] [info] [edge_elements.cpp:396] [run_pull] Reading from stream was aborted!
[2026-08-12 17:53:00.755] [33329] [HailoRT] [info] [queue_elements.cpp:738] [run_in_thread] run_pull of queue element PullQEl_nms2yolov8n/conv63_97 was aborted!
[2026-08-12 17:53:00.755] [33326] [HailoRT] [info] [queue_elements.cpp:738] [run_in_thread] run_pull of queue element PullQEl_nms0yolov8n/conv53_97 was aborted!
[2026-08-12 17:53:00.755] [33323] [HailoRT] [info] [vdevice_native_stream.cpp:331] [read_impl] Failed read from stream HAILO_STREAM_ABORT(63) (device: 0001:01:00.0)
[2026-08-12 17:53:00.755] [33323] [HailoRT] [info] [edge_elements.cpp:396] [run_pull] Reading from stream was aborted!
[2026-08-12 17:53:00.755] [33323] [HailoRT] [info] [queue_elements.cpp:738] [run_in_thread] run_pull of queue element PullQEl_nms3yolov8n/conv41_97 was aborted!
[2026-08-12 17:53:00.755] [33330] [HailoRT] [info] [queue_elements.cpp:68] [operator()] Thread in element UserBufQEl_post_infer0yolov8n/yolov8_nms_postprocess is not running anymore, exiting..
[2026-08-12 17:53:00.755] [33311] [HailoRT] [info] [queue_elements.cpp:46] [~BaseQueueElement] Queue element UserBufQEl_post_infer0yolov8n/yolov8_nms_postprocess has 0 frames in his Queue on destruction
[2026-08-12 17:53:00.755] [33329] [HailoRT] [info] [queue_elements.cpp:68] [operator()] Thread in element PullQEl_nms2yolov8n/conv63_97 is not running anymore, exiting..
[2026-08-12 17:53:00.755] [33311] [HailoRT] [info] [queue_elements.cpp:46] [~BaseQueueElement] Queue element PullQEl_nms2yolov8n/conv63_97 has 0 frames in his Queue on destruction
[2026-08-12 17:53:00.755] [33327] [HailoRT] [info] [queue_elements.cpp:68] [operator()] Thread in element PullQEl_nms3yolov8n/conv62_97 is not running anymore, exiting..
[2026-08-12 17:53:00.755] [33311] [HailoRT] [info] [queue_elements.cpp:46] [~BaseQueueElement] Queue element PullQEl_nms3yolov8n/conv62_97 has 0 frames in his Queue on destruction
[2026-08-12 17:53:00.755] [33326] [HailoRT] [info] [queue_elements.cpp:68] [operator()] Thread in element PullQEl_nms0yolov8n/conv53_97 is not running anymore, exiting..
[2026-08-12 17:53:00.756] [33311] [HailoRT] [info] [queue_elements.cpp:46] [~BaseQueueElement] Queue element PullQEl_nms0yolov8n/conv53_97 has 0 frames in his Queue on destruction
[2026-08-12 17:53:00.757] [33325] [HailoRT] [info] [queue_elements.cpp:68] [operator()] Thread in element PullQEl_nms1yolov8n/conv52_97 is not running anymore, exiting..
[2026-08-12 17:53:00.757] [33311] [HailoRT] [info] [queue_elements.cpp:46] [~BaseQueueElement] Queue element PullQEl_nms1yolov8n/conv52_97 has 0 frames in his Queue on destruction
[2026-08-12 17:53:00.757] [33324] [HailoRT] [info] [queue_elements.cpp:68] [operator()] Thread in element PullQEl_nms2yolov8n/conv42_97 is not running anymore, exiting..
[2026-08-12 17:53:00.757] [33311] [HailoRT] [info] [queue_elements.cpp:46] [~BaseQueueElement] Queue element PullQEl_nms2yolov8n/conv42_97 has 0 frames in his Queue on destruction
[2026-08-12 17:53:00.757] [33323] [HailoRT] [info] [queue_elements.cpp:68] [operator()] Thread in element PullQEl_nms3yolov8n/conv41_97 is not running anymore, exiting..
[2026-08-12 17:53:00.757] [33311] [HailoRT] [info] [queue_elements.cpp:46] [~BaseQueueElement] Queue element PullQEl_nms3yolov8n/conv41_97 has 0 frames in his Queue on destruction
[2026-08-12 17:53:00.757] [33322] [HailoRT] [info] [queue_elements.cpp:68] [operator()] Thread in element PushQEl3yolov8n/input_layer1 is not running anymore, exiting..
[2026-08-12 17:53:00.757] [33311] [HailoRT] [info] [queue_elements.cpp:46] [~BaseQueueElement] Queue element PushQEl3yolov8n/input_layer1 has 0 frames in his Queue on destruction
[2026-08-12 17:53:00.758] [33311] [HailoRT] [info] [core_op.cpp:186] [deactivate] Deactivating took 0.504464 ms
[2026-08-12 17:53:00.758] [33311] [HailoRT] [info] [core_op.cpp:186] [deactivate] Deactivating took 0.52326 ms
[2026-08-12 19:05:16.304] [35489] [HailoRT] [info] [vdevice.cpp:535] [create] Creating vdevice with params: device_count: 1, scheduling_algorithm: NONE, multi_process_service: false
[2026-08-12 19:05:16.315] [35489] [HailoRT] [info] [device.cpp:51] [Device] OS Version: Linux 6.18.39+rpt-rpi-2712 #1 SMP PREEMPT Debian 1:6.18.39-1+rpt1 (2026-07-29) aarch64
[2026-08-12 19:05:16.315] [35489] [HailoRT] [info] [control.cpp:113] [control__parse_identify_results] firmware_version is: 4.23.0
[2026-08-12 19:05:16.315] [35489] [HailoRT] [info] [vdevice.cpp:682] [create] VDevice Infos: 0001:01:00.0
[2026-08-12 19:05:16.321] [35489] [HailoRT] [info] [internal_buffer_manager.cpp:77] [print_execution_results] Planned internal buffer memory: CMA=0 CMA-Desc=851968 Pinned=1560576. memory to edge layer usage factor is 0.78902406
[2026-08-12 19:05:16.321] [35489] [HailoRT] [info] [internal_buffer_manager.cpp:86] [print_execution_results] Default Internal buffer planner executed successfully
[2026-08-12 19:05:16.344] [35489] [HailoRT] [info] [device_internal.cpp:57] [configure] Configuring HEF took 28.366807 milliseconds
[2026-08-12 19:05:16.344] [35489] [HailoRT] [info] [vdevice.cpp:780] [configure] Configuring HEF on VDevice took 28.690865 milliseconds
[2026-08-12 19:05:16.344] [35489] [HailoRT] [info] [hef.cpp:1994] [get_network_group_and_network_name] No name was given. Addressing all networks of default network_group: yolov8n
[2026-08-12 19:05:16.344] [35489] [HailoRT] [info] [hef.cpp:1994] [get_network_group_and_network_name] No name was given. Addressing all networks of default network_group: yolov8n
[2026-08-12 19:05:16.345] [35489] [HailoRT] [info] [core_op.cpp:156] [activate] Activating yolov8n took 0.608227 milliseconds. Note that the function is asynchronous and thus the network is not fully activated yet.
[2026-08-12 19:05:16.345] [35489] [HailoRT] [info] [core_op.cpp:156] [activate] Activating yolov8n took 0.616912 milliseconds. Note that the function is asynchronous and thus the network is not fully activated yet.
[2026-08-12 19:05:16.345] [35489] [HailoRT] [info] [edge_elements.cpp:52] [create] Created (HwWriteEl3yolov8n/input_layer1 | hw_frame_size: 1228800)
[2026-08-12 19:05:16.345] [35489] [HailoRT] [info] [queue_elements.cpp:284] [create] Created (PushQEl3yolov8n/input_layer1 | timeout: 10s)
[2026-08-12 19:05:16.345] [35489] [HailoRT] [info] [filter_elements.cpp:101] [create] Created (PreInferEl3yolov8n/input_layer1 | Reorder - src_order: NHWC, src_shape: (640, 640, 3), dst_order: NHCW, dst_shape: (640, 640, 3))
[2026-08-12 19:05:16.345] [35489] [HailoRT] [info] [vstream.cpp:754] [InputVStreamImpl] Creating yolov8n/input_layer1...
[2026-08-12 19:05:16.345] [35489] [HailoRT] [info] [vstream_builder.cpp:102] [create_inputs] Input pipeline 'yolov8n/input_layer1': (PreInferEl3yolov8n/input_layer1 | Reorder - src_order: NHWC, src_shape: (640, 640, 3), dst_order: NHCW, dst_shape: (640, 640, 3)) >> (PushQEl3yolov8n/input_layer1 | timeout: 10s) >> (HwWriteEl3yolov8n/input_layer1 | hw_frame_size: 1228800) >> HW
[2026-08-12 19:05:16.345] [35489] [HailoRT] [info] [multi_io_elements.cpp:135] [create] Created (NmsPPMuxEl0YOLOV8-Post-Process | Op YOLOV8, Name: YOLOV8-Post-Process, Score threshold: 0.200, IoU threshold: 0.70, Classes: 80, Max bboxes per class: 100, Image height: 640, Image width: 640)
[2026-08-12 19:05:16.345] [35489] [HailoRT] [info] [edge_elements.cpp:287] [create] Created (HwReadEl3yolov8n/conv41_97 | hw_frame_size: 409600)
[2026-08-12 19:05:16.345] [35489] [HailoRT] [info] [queue_elements.cpp:657] [create] Created (PullQEl_nms3yolov8n/conv41_97 | timeout: 10s)
[2026-08-12 19:05:16.345] [35489] [HailoRT] [info] [edge_elements.cpp:287] [create] Created (HwReadEl2yolov8n/conv42_97 | hw_frame_size: 512000)
[2026-08-12 19:05:16.345] [35489] [HailoRT] [info] [queue_elements.cpp:657] [create] Created (PullQEl_nms2yolov8n/conv42_97 | timeout: 10s)
[2026-08-12 19:05:16.345] [35489] [HailoRT] [info] [edge_elements.cpp:287] [create] Created (HwReadEl1yolov8n/conv52_97 | hw_frame_size: 102400)
[2026-08-12 19:05:16.345] [35489] [HailoRT] [info] [queue_elements.cpp:657] [create] Created (PullQEl_nms1yolov8n/conv52_97 | timeout: 10s)
[2026-08-12 19:05:16.345] [35489] [HailoRT] [info] [edge_elements.cpp:287] [create] Created (HwReadEl0yolov8n/conv53_97 | hw_frame_size: 128000)
[2026-08-12 19:05:16.346] [35489] [HailoRT] [info] [queue_elements.cpp:657] [create] Created (PullQEl_nms0yolov8n/conv53_97 | timeout: 10s)
[2026-08-12 19:05:16.346] [35489] [HailoRT] [info] [edge_elements.cpp:287] [create] Created (HwReadEl3yolov8n/conv62_97 | hw_frame_size: 30720)
[2026-08-12 19:05:16.346] [35489] [HailoRT] [info] [queue_elements.cpp:657] [create] Created (PullQEl_nms3yolov8n/conv62_97 | timeout: 10s)
[2026-08-12 19:05:16.346] [35489] [HailoRT] [info] [edge_elements.cpp:287] [create] Created (HwReadEl2yolov8n/conv63_97 | hw_frame_size: 38400)
[2026-08-12 19:05:16.346] [35489] [HailoRT] [info] [queue_elements.cpp:657] [create] Created (PullQEl_nms2yolov8n/conv63_97 | timeout: 10s)
[2026-08-12 19:05:16.346] [35489] [HailoRT] [info] [queue_elements.cpp:800] [create] Created (UserBufQEl_post_infer0yolov8n/yolov8_nms_postprocess | timeout: 10s)
[2026-08-12 19:05:16.346] [35489] [HailoRT] [info] [vstream.cpp:1114] [OutputVStreamImpl] Creating yolov8n/yolov8_nms_postprocess...
[2026-08-12 19:05:16.346] [35489] [HailoRT] [info] [vstream_builder.cpp:622] [create_output_post_process_nms] Output pipeline 'yolov8n/yolov8_nms_postprocess': HW >> (HwReadEl3yolov8n/conv41_97 | hw_frame_size: 409600) >> (PullQEl_nms3yolov8n/conv41_97) >> (HwReadEl2yolov8n/conv42_97 | hw_frame_size: 512000) >> (PullQEl_nms2yolov8n/conv42_97) >> (HwReadEl1yolov8n/conv52_97 | hw_frame_size: 102400) >> (PullQEl_nms1yolov8n/conv52_97) >> (HwReadEl0yolov8n/conv53_97 | hw_frame_size: 128000) >> (PullQEl_nms0yolov8n/conv53_97) >> (HwReadEl3yolov8n/conv62_97 | hw_frame_size: 30720) >> (PullQEl_nms3yolov8n/conv62_97) >> (HwReadEl2yolov8n/conv63_97 | hw_frame_size: 38400) >> (PullQEl_nms2yolov8n/conv63_97) >> (NmsPPMuxEl0YOLOV8-Post-Process | Op YOLOV8, Name: YOLOV8-Post-Process, Score threshold: 0.200, IoU threshold: 0.70, Classes: 80, Max bboxes per class: 100, Image height: 640, Image width: 640) >> (UserBufQEl_post_infer0yolov8n/yolov8_nms_postprocess | timeout: 10s)
[2026-08-12 19:05:17.189] [35501] [HailoRT] [info] [vdevice_native_stream.cpp:331] [read_impl] Failed read from stream HAILO_STREAM_ABORT(63) (device: 0001:01:00.0)
[2026-08-12 19:05:17.189] [35501] [HailoRT] [info] [edge_elements.cpp:396] [run_pull] Reading from stream was aborted!
[2026-08-12 19:05:17.189] [35502] [HailoRT] [info] [vdevice_native_stream.cpp:331] [read_impl] Failed read from stream HAILO_STREAM_ABORT(63) (device: 0001:01:00.0)
[2026-08-12 19:05:17.189] [35502] [HailoRT] [info] [edge_elements.cpp:396] [run_pull] Reading from stream was aborted!
[2026-08-12 19:05:17.189] [35501] [HailoRT] [info] [queue_elements.cpp:738] [run_in_thread] run_pull of queue element PullQEl_nms3yolov8n/conv41_97 was aborted!
[2026-08-12 19:05:17.189] [35502] [HailoRT] [info] [queue_elements.cpp:738] [run_in_thread] run_pull of queue element PullQEl_nms2yolov8n/conv42_97 was aborted!
[2026-08-12 19:05:17.189] [35504] [HailoRT] [info] [vdevice_native_stream.cpp:331] [read_impl] Failed read from stream HAILO_STREAM_ABORT(63) (device: 0001:01:00.0)
[2026-08-12 19:05:17.189] [35503] [HailoRT] [info] [vdevice_native_stream.cpp:331] [read_impl] Failed read from stream HAILO_STREAM_ABORT(63) (device: 0001:01:00.0)
[2026-08-12 19:05:17.189] [35504] [HailoRT] [info] [edge_elements.cpp:396] [run_pull] Reading from stream was aborted!
[2026-08-12 19:05:17.189] [35503] [HailoRT] [info] [edge_elements.cpp:396] [run_pull] Reading from stream was aborted!
[2026-08-12 19:05:17.189] [35504] [HailoRT] [info] [queue_elements.cpp:738] [run_in_thread] run_pull of queue element PullQEl_nms0yolov8n/conv53_97 was aborted!
[2026-08-12 19:05:17.190] [35505] [HailoRT] [info] [vdevice_native_stream.cpp:331] [read_impl] Failed read from stream HAILO_STREAM_ABORT(63) (device: 0001:01:00.0)
[2026-08-12 19:05:17.190] [35505] [HailoRT] [info] [edge_elements.cpp:396] [run_pull] Reading from stream was aborted!
[2026-08-12 19:05:17.189] [35503] [HailoRT] [info] [queue_elements.cpp:738] [run_in_thread] run_pull of queue element PullQEl_nms1yolov8n/conv52_97 was aborted!
[2026-08-12 19:05:17.191] [35506] [HailoRT] [info] [vdevice_native_stream.cpp:331] [read_impl] Failed read from stream HAILO_STREAM_ABORT(63) (device: 0001:01:00.0)
[2026-08-12 19:05:17.199] [35506] [HailoRT] [info] [edge_elements.cpp:396] [run_pull] Reading from stream was aborted!
[2026-08-12 19:05:17.199] [35505] [HailoRT] [info] [queue_elements.cpp:738] [run_in_thread] run_pull of queue element PullQEl_nms3yolov8n/conv62_97 was aborted!
[2026-08-12 19:05:17.199] [35506] [HailoRT] [info] [queue_elements.cpp:738] [run_in_thread] run_pull of queue element PullQEl_nms2yolov8n/conv63_97 was aborted!
[2026-08-12 19:05:17.199] [35507] [HailoRT] [info] [queue_elements.cpp:68] [operator()] Thread in element UserBufQEl_post_infer0yolov8n/yolov8_nms_postprocess is not running anymore, exiting..
[2026-08-12 19:05:17.199] [35489] [HailoRT] [info] [queue_elements.cpp:46] [~BaseQueueElement] Queue element UserBufQEl_post_infer0yolov8n/yolov8_nms_postprocess has 0 frames in his Queue on destruction
[2026-08-12 19:05:17.199] [35506] [HailoRT] [info] [queue_elements.cpp:68] [operator()] Thread in element PullQEl_nms2yolov8n/conv63_97 is not running anymore, exiting..
[2026-08-12 19:05:17.199] [35489] [HailoRT] [info] [queue_elements.cpp:46] [~BaseQueueElement] Queue element PullQEl_nms2yolov8n/conv63_97 has 0 frames in his Queue on destruction
[2026-08-12 19:05:17.199] [35505] [HailoRT] [info] [queue_elements.cpp:68] [operator()] Thread in element PullQEl_nms3yolov8n/conv62_97 is not running anymore, exiting..
[2026-08-12 19:05:17.199] [35489] [HailoRT] [info] [queue_elements.cpp:46] [~BaseQueueElement] Queue element PullQEl_nms3yolov8n/conv62_97 has 0 frames in his Queue on destruction
[2026-08-12 19:05:17.199] [35504] [HailoRT] [info] [queue_elements.cpp:68] [operator()] Thread in element PullQEl_nms0yolov8n/conv53_97 is not running anymore, exiting..
[2026-08-12 19:05:17.199] [35489] [HailoRT] [info] [queue_elements.cpp:46] [~BaseQueueElement] Queue element PullQEl_nms0yolov8n/conv53_97 has 0 frames in his Queue on destruction
[2026-08-12 19:05:17.199] [35503] [HailoRT] [info] [queue_elements.cpp:68] [operator()] Thread in element PullQEl_nms1yolov8n/conv52_97 is not running anymore, exiting..
[2026-08-12 19:05:17.199] [35489] [HailoRT] [info] [queue_elements.cpp:46] [~BaseQueueElement] Queue element PullQEl_nms1yolov8n/conv52_97 has 0 frames in his Queue on destruction
[2026-08-12 19:05:17.199] [35502] [HailoRT] [info] [queue_elements.cpp:68] [operator()] Thread in element PullQEl_nms2yolov8n/conv42_97 is not running anymore, exiting..
[2026-08-12 19:05:17.200] [35489] [HailoRT] [info] [queue_elements.cpp:46] [~BaseQueueElement] Queue element PullQEl_nms2yolov8n/conv42_97 has 0 frames in his Queue on destruction
[2026-08-12 19:05:17.200] [35501] [HailoRT] [info] [queue_elements.cpp:68] [operator()] Thread in element PullQEl_nms3yolov8n/conv41_97 is not running anymore, exiting..
[2026-08-12 19:05:17.200] [35489] [HailoRT] [info] [queue_elements.cpp:46] [~BaseQueueElement] Queue element PullQEl_nms3yolov8n/conv41_97 has 0 frames in his Queue on destruction
[2026-08-12 19:05:17.200] [35500] [HailoRT] [info] [queue_elements.cpp:68] [operator()] Thread in element PushQEl3yolov8n/input_layer1 is not running anymore, exiting..
[2026-08-12 19:05:17.200] [35489] [HailoRT] [info] [queue_elements.cpp:46] [~BaseQueueElement] Queue element PushQEl3yolov8n/input_layer1 has 0 frames in his Queue on destruction
[2026-08-12 19:05:17.200] [35489] [HailoRT] [info] [core_op.cpp:186] [deactivate] Deactivating took 0.458189 ms
[2026-08-12 19:05:17.200] [35489] [HailoRT] [info] [core_op.cpp:186] [deactivate] Deactivating took 0.4708 ms
[2026-08-12 19:08:42.087] [35567] [HailoRT] [info] [vdevice.cpp:535] [create] Creating vdevice with params: device_count: 1, scheduling_algorithm: NONE, multi_process_service: false
[2026-08-12 19:08:42.103] [35567] [HailoRT] [info] [device.cpp:51] [Device] OS Version: Linux 6.18.39+rpt-rpi-2712 #1 SMP PREEMPT Debian 1:6.18.39-1+rpt1 (2026-07-29) aarch64
[2026-08-12 19:08:42.104] [35567] [HailoRT] [info] [control.cpp:113] [control__parse_identify_results] firmware_version is: 4.23.0
[2026-08-12 19:08:42.104] [35567] [HailoRT] [info] [vdevice.cpp:682] [create] VDevice Infos: 0001:01:00.0
[2026-08-12 19:08:42.117] [35567] [HailoRT] [info] [internal_buffer_manager.cpp:77] [print_execution_results] Planned internal buffer memory: CMA=0 CMA-Desc=851968 Pinned=1560576. memory to edge layer usage factor is 0.78902406
[2026-08-12 19:08:42.117] [35567] [HailoRT] [info] [internal_buffer_manager.cpp:86] [print_execution_results] Default Internal buffer planner executed successfully
[2026-08-12 19:08:42.186] [35567] [HailoRT] [info] [device_internal.cpp:57] [configure] Configuring HEF took 82.415895 milliseconds
[2026-08-12 19:08:42.187] [35567] [HailoRT] [info] [vdevice.cpp:780] [configure] Configuring HEF on VDevice took 82.905379 milliseconds
[2026-08-12 19:08:42.187] [35567] [HailoRT] [info] [hef.cpp:1994] [get_network_group_and_network_name] No name was given. Addressing all networks of default network_group: yolov8n
[2026-08-12 19:08:42.187] [35567] [HailoRT] [info] [hef.cpp:1994] [get_network_group_and_network_name] No name was given. Addressing all networks of default network_group: yolov8n
[2026-08-12 19:08:42.188] [35567] [HailoRT] [info] [core_op.cpp:156] [activate] Activating yolov8n took 0.700967 milliseconds. Note that the function is asynchronous and thus the network is not fully activated yet.
[2026-08-12 19:08:42.188] [35567] [HailoRT] [info] [core_op.cpp:156] [activate] Activating yolov8n took 0.717171 milliseconds. Note that the function is asynchronous and thus the network is not fully activated yet.
[2026-08-12 19:08:42.188] [35567] [HailoRT] [info] [edge_elements.cpp:52] [create] Created (HwWriteEl3yolov8n/input_layer1 | hw_frame_size: 1228800)
[2026-08-12 19:08:42.189] [35567] [HailoRT] [info] [queue_elements.cpp:284] [create] Created (PushQEl3yolov8n/input_layer1 | timeout: 10s)
[2026-08-12 19:08:42.189] [35567] [HailoRT] [info] [filter_elements.cpp:101] [create] Created (PreInferEl3yolov8n/input_layer1 | Reorder - src_order: NHWC, src_shape: (640, 640, 3), dst_order: NHCW, dst_shape: (640, 640, 3))
[2026-08-12 19:08:42.189] [35567] [HailoRT] [info] [vstream.cpp:754] [InputVStreamImpl] Creating yolov8n/input_layer1...
[2026-08-12 19:08:42.189] [35567] [HailoRT] [info] [vstream_builder.cpp:102] [create_inputs] Input pipeline 'yolov8n/input_layer1': (PreInferEl3yolov8n/input_layer1 | Reorder - src_order: NHWC, src_shape: (640, 640, 3), dst_order: NHCW, dst_shape: (640, 640, 3)) >> (PushQEl3yolov8n/input_layer1 | timeout: 10s) >> (HwWriteEl3yolov8n/input_layer1 | hw_frame_size: 1228800) >> HW
[2026-08-12 19:08:42.190] [35567] [HailoRT] [info] [multi_io_elements.cpp:135] [create] Created (NmsPPMuxEl0YOLOV8-Post-Process | Op YOLOV8, Name: YOLOV8-Post-Process, Score threshold: 0.200, IoU threshold: 0.70, Classes: 80, Max bboxes per class: 100, Image height: 640, Image width: 640)
[2026-08-12 19:08:42.190] [35567] [HailoRT] [info] [edge_elements.cpp:287] [create] Created (HwReadEl3yolov8n/conv41_97 | hw_frame_size: 409600)
[2026-08-12 19:08:42.190] [35567] [HailoRT] [info] [queue_elements.cpp:657] [create] Created (PullQEl_nms3yolov8n/conv41_97 | timeout: 10s)
[2026-08-12 19:08:42.190] [35567] [HailoRT] [info] [edge_elements.cpp:287] [create] Created (HwReadEl2yolov8n/conv42_97 | hw_frame_size: 512000)
[2026-08-12 19:08:42.190] [35567] [HailoRT] [info] [queue_elements.cpp:657] [create] Created (PullQEl_nms2yolov8n/conv42_97 | timeout: 10s)
[2026-08-12 19:08:42.190] [35567] [HailoRT] [info] [edge_elements.cpp:287] [create] Created (HwReadEl1yolov8n/conv52_97 | hw_frame_size: 102400)
[2026-08-12 19:08:42.190] [35567] [HailoRT] [info] [queue_elements.cpp:657] [create] Created (PullQEl_nms1yolov8n/conv52_97 | timeout: 10s)
[2026-08-12 19:08:42.190] [35567] [HailoRT] [info] [edge_elements.cpp:287] [create] Created (HwReadEl0yolov8n/conv53_97 | hw_frame_size: 128000)
[2026-08-12 19:08:42.191] [35567] [HailoRT] [info] [queue_elements.cpp:657] [create] Created (PullQEl_nms0yolov8n/conv53_97 | timeout: 10s)
[2026-08-12 19:08:42.191] [35567] [HailoRT] [info] [edge_elements.cpp:287] [create] Created (HwReadEl3yolov8n/conv62_97 | hw_frame_size: 30720)
[2026-08-12 19:08:42.195] [35567] [HailoRT] [info] [queue_elements.cpp:657] [create] Created (PullQEl_nms3yolov8n/conv62_97 | timeout: 10s)
[2026-08-12 19:08:42.195] [35567] [HailoRT] [info] [edge_elements.cpp:287] [create] Created (HwReadEl2yolov8n/conv63_97 | hw_frame_size: 38400)
[2026-08-12 19:08:42.195] [35567] [HailoRT] [info] [queue_elements.cpp:657] [create] Created (PullQEl_nms2yolov8n/conv63_97 | timeout: 10s)
[2026-08-12 19:08:42.198] [35567] [HailoRT] [info] [queue_elements.cpp:800] [create] Created (UserBufQEl_post_infer0yolov8n/yolov8_nms_postprocess | timeout: 10s)
[2026-08-12 19:08:42.198] [35567] [HailoRT] [info] [vstream.cpp:1114] [OutputVStreamImpl] Creating yolov8n/yolov8_nms_postprocess...
[2026-08-12 19:08:42.198] [35567] [HailoRT] [info] [vstream_builder.cpp:622] [create_output_post_process_nms] Output pipeline 'yolov8n/yolov8_nms_postprocess': HW >> (HwReadEl3yolov8n/conv41_97 | hw_frame_size: 409600) >> (PullQEl_nms3yolov8n/conv41_97) >> (HwReadEl2yolov8n/conv42_97 | hw_frame_size: 512000) >> (PullQEl_nms2yolov8n/conv42_97) >> (HwReadEl1yolov8n/conv52_97 | hw_frame_size: 102400) >> (PullQEl_nms1yolov8n/conv52_97) >> (HwReadEl0yolov8n/conv53_97 | hw_frame_size: 128000) >> (PullQEl_nms0yolov8n/conv53_97) >> (HwReadEl3yolov8n/conv62_97 | hw_frame_size: 30720) >> (PullQEl_nms3yolov8n/conv62_97) >> (HwReadEl2yolov8n/conv63_97 | hw_frame_size: 38400) >> (PullQEl_nms2yolov8n/conv63_97) >> (NmsPPMuxEl0YOLOV8-Post-Process | Op YOLOV8, Name: YOLOV8-Post-Process, Score threshold: 0.200, IoU threshold: 0.70, Classes: 80, Max bboxes per class: 100, Image height: 640, Image width: 640) >> (UserBufQEl_post_infer0yolov8n/yolov8_nms_postprocess | timeout: 10s)
[2026-08-12 19:09:10.258] [35580] [HailoRT] [info] [vdevice_native_stream.cpp:331] [read_impl] Failed read from stream HAILO_STREAM_ABORT(63) (device: 0001:01:00.0)
[2026-08-12 19:09:10.258] [35580] [HailoRT] [info] [edge_elements.cpp:396] [run_pull] Reading from stream was aborted!
[2026-08-12 19:09:10.258] [35580] [HailoRT] [info] [queue_elements.cpp:738] [run_in_thread] run_pull of queue element PullQEl_nms2yolov8n/conv42_97 was aborted!
[2026-08-12 19:09:10.258] [35581] [HailoRT] [info] [vdevice_native_stream.cpp:331] [read_impl] Failed read from stream HAILO_STREAM_ABORT(63) (device: 0001:01:00.0)
[2026-08-12 19:09:10.258] [35581] [HailoRT] [info] [edge_elements.cpp:396] [run_pull] Reading from stream was aborted!
[2026-08-12 19:09:10.258] [35581] [HailoRT] [info] [queue_elements.cpp:738] [run_in_thread] run_pull of queue element PullQEl_nms1yolov8n/conv52_97 was aborted!
[2026-08-12 19:09:10.258] [35579] [HailoRT] [info] [vdevice_native_stream.cpp:331] [read_impl] Failed read from stream HAILO_STREAM_ABORT(63) (device: 0001:01:00.0)
[2026-08-12 19:09:10.258] [35579] [HailoRT] [info] [edge_elements.cpp:396] [run_pull] Reading from stream was aborted!
[2026-08-12 19:09:10.258] [35579] [HailoRT] [info] [queue_elements.cpp:738] [run_in_thread] run_pull of queue element PullQEl_nms3yolov8n/conv41_97 was aborted!
[2026-08-12 19:09:10.258] [35583] [HailoRT] [info] [vdevice_native_stream.cpp:331] [read_impl] Failed read from stream HAILO_STREAM_ABORT(63) (device: 0001:01:00.0)
[2026-08-12 19:09:10.258] [35583] [HailoRT] [info] [edge_elements.cpp:396] [run_pull] Reading from stream was aborted!
[2026-08-12 19:09:10.258] [35582] [HailoRT] [info] [vdevice_native_stream.cpp:331] [read_impl] Failed read from stream HAILO_STREAM_ABORT(63) (device: 0001:01:00.0)
[2026-08-12 19:09:10.258] [35582] [HailoRT] [info] [edge_elements.cpp:396] [run_pull] Reading from stream was aborted!
[2026-08-12 19:09:10.258] [35583] [HailoRT] [info] [queue_elements.cpp:738] [run_in_thread] run_pull of queue element PullQEl_nms3yolov8n/conv62_97 was aborted!
[2026-08-12 19:09:10.258] [35582] [HailoRT] [info] [queue_elements.cpp:738] [run_in_thread] run_pull of queue element PullQEl_nms0yolov8n/conv53_97 was aborted!
[2026-08-12 19:09:10.258] [35584] [HailoRT] [info] [vdevice_native_stream.cpp:331] [read_impl] Failed read from stream HAILO_STREAM_ABORT(63) (device: 0001:01:00.0)
[2026-08-12 19:09:10.258] [35584] [HailoRT] [info] [edge_elements.cpp:396] [run_pull] Reading from stream was aborted!
[2026-08-12 19:09:10.258] [35584] [HailoRT] [info] [queue_elements.cpp:738] [run_in_thread] run_pull of queue element PullQEl_nms2yolov8n/conv63_97 was aborted!
[2026-08-12 19:09:10.259] [35585] [HailoRT] [info] [queue_elements.cpp:68] [operator()] Thread in element UserBufQEl_post_infer0yolov8n/yolov8_nms_postprocess is not running anymore, exiting..
[2026-08-12 19:09:10.259] [35567] [HailoRT] [info] [queue_elements.cpp:46] [~BaseQueueElement] Queue element UserBufQEl_post_infer0yolov8n/yolov8_nms_postprocess has 0 frames in his Queue on destruction
[2026-08-12 19:09:10.259] [35584] [HailoRT] [info] [queue_elements.cpp:68] [operator()] Thread in element PullQEl_nms2yolov8n/conv63_97 is not running anymore, exiting..
[2026-08-12 19:09:10.259] [35567] [HailoRT] [info] [queue_elements.cpp:46] [~BaseQueueElement] Queue element PullQEl_nms2yolov8n/conv63_97 has 0 frames in his Queue on destruction
[2026-08-12 19:09:10.259] [35583] [HailoRT] [info] [queue_elements.cpp:68] [operator()] Thread in element PullQEl_nms3yolov8n/conv62_97 is not running anymore, exiting..
[2026-08-12 19:09:10.259] [35567] [HailoRT] [info] [queue_elements.cpp:46] [~BaseQueueElement] Queue element PullQEl_nms3yolov8n/conv62_97 has 0 frames in his Queue on destruction
[2026-08-12 19:09:10.259] [35582] [HailoRT] [info] [queue_elements.cpp:68] [operator()] Thread in element PullQEl_nms0yolov8n/conv53_97 is not running anymore, exiting..
[2026-08-12 19:09:10.259] [35567] [HailoRT] [info] [queue_elements.cpp:46] [~BaseQueueElement] Queue element PullQEl_nms0yolov8n/conv53_97 has 0 frames in his Queue on destruction
[2026-08-12 19:09:10.259] [35581] [HailoRT] [info] [queue_elements.cpp:68] [operator()] Thread in element PullQEl_nms1yolov8n/conv52_97 is not running anymore, exiting..
[2026-08-12 19:09:10.259] [35567] [HailoRT] [info] [queue_elements.cpp:46] [~BaseQueueElement] Queue element PullQEl_nms1yolov8n/conv52_97 has 0 frames in his Queue on destruction
[2026-08-12 19:09:10.259] [35580] [HailoRT] [info] [queue_elements.cpp:68] [operator()] Thread in element PullQEl_nms2yolov8n/conv42_97 is not running anymore, exiting..
[2026-08-12 19:09:10.259] [35567] [HailoRT] [info] [queue_elements.cpp:46] [~BaseQueueElement] Queue element PullQEl_nms2yolov8n/conv42_97 has 0 frames in his Queue on destruction
[2026-08-12 19:09:10.259] [35579] [HailoRT] [info] [queue_elements.cpp:68] [operator()] Thread in element PullQEl_nms3yolov8n/conv41_97 is not running anymore, exiting..
[2026-08-12 19:09:10.259] [35567] [HailoRT] [info] [queue_elements.cpp:46] [~BaseQueueElement] Queue element PullQEl_nms3yolov8n/conv41_97 has 0 frames in his Queue on destruction
[2026-08-12 19:09:10.260] [35578] [HailoRT] [info] [queue_elements.cpp:68] [operator()] Thread in element PushQEl3yolov8n/input_layer1 is not running anymore, exiting..
[2026-08-12 19:09:10.260] [35567] [HailoRT] [info] [queue_elements.cpp:46] [~BaseQueueElement] Queue element PushQEl3yolov8n/input_layer1 has 0 frames in his Queue on destruction
[2026-08-12 19:09:10.260] [35567] [HailoRT] [info] [core_op.cpp:186] [deactivate] Deactivating took 0.475169 ms
[2026-08-12 19:09:10.260] [35567] [HailoRT] [info] [core_op.cpp:186] [deactivate] Deactivating took 0.490651 ms
[2026-08-12 19:12:10.281] [37306] [HailoRT] [info] [vdevice.cpp:535] [create] Creating vdevice with params: device_count: 1, scheduling_algorithm: NONE, multi_process_service: false
[2026-08-12 19:12:10.293] [37306] [HailoRT] [info] [device.cpp:51] [Device] OS Version: Linux 6.18.39+rpt-rpi-2712 #1 SMP PREEMPT Debian 1:6.18.39-1+rpt1 (2026-07-29) aarch64
[2026-08-12 19:12:10.294] [37306] [HailoRT] [info] [control.cpp:113] [control__parse_identify_results] firmware_version is: 4.23.0
[2026-08-12 19:12:10.294] [37306] [HailoRT] [info] [vdevice.cpp:682] [create] VDevice Infos: 0001:01:00.0
[2026-08-12 19:12:10.302] [37306] [HailoRT] [info] [internal_buffer_manager.cpp:77] [print_execution_results] Planned internal buffer memory: CMA=0 CMA-Desc=851968 Pinned=1560576. memory to edge layer usage factor is 0.78902406
[2026-08-12 19:12:10.302] [37306] [HailoRT] [info] [internal_buffer_manager.cpp:86] [print_execution_results] Default Internal buffer planner executed successfully
[2026-08-12 19:12:10.337] [37306] [HailoRT] [info] [device_internal.cpp:57] [configure] Configuring HEF took 43.005818 milliseconds
[2026-08-12 19:12:10.337] [37306] [HailoRT] [info] [vdevice.cpp:780] [configure] Configuring HEF on VDevice took 43.444524 milliseconds
[2026-08-12 19:12:10.338] [37306] [HailoRT] [info] [hef.cpp:1994] [get_network_group_and_network_name] No name was given. Addressing all networks of default network_group: yolov8n
[2026-08-12 19:12:10.338] [37306] [HailoRT] [info] [hef.cpp:1994] [get_network_group_and_network_name] No name was given. Addressing all networks of default network_group: yolov8n
[2026-08-12 19:12:10.338] [37306] [HailoRT] [info] [core_op.cpp:156] [activate] Activating yolov8n took 0.691762 milliseconds. Note that the function is asynchronous and thus the network is not fully activated yet.
[2026-08-12 19:12:10.338] [37306] [HailoRT] [info] [core_op.cpp:156] [activate] Activating yolov8n took 0.704318 milliseconds. Note that the function is asynchronous and thus the network is not fully activated yet.
[2026-08-12 19:12:10.338] [37306] [HailoRT] [info] [edge_elements.cpp:52] [create] Created (HwWriteEl3yolov8n/input_layer1 | hw_frame_size: 1228800)
[2026-08-12 19:12:10.339] [37306] [HailoRT] [info] [queue_elements.cpp:284] [create] Created (PushQEl3yolov8n/input_layer1 | timeout: 10s)
[2026-08-12 19:12:10.339] [37306] [HailoRT] [info] [filter_elements.cpp:101] [create] Created (PreInferEl3yolov8n/input_layer1 | Reorder - src_order: NHWC, src_shape: (640, 640, 3), dst_order: NHCW, dst_shape: (640, 640, 3))
[2026-08-12 19:12:10.339] [37306] [HailoRT] [info] [vstream.cpp:754] [InputVStreamImpl] Creating yolov8n/input_layer1...
[2026-08-12 19:12:10.339] [37306] [HailoRT] [info] [vstream_builder.cpp:102] [create_inputs] Input pipeline 'yolov8n/input_layer1': (PreInferEl3yolov8n/input_layer1 | Reorder - src_order: NHWC, src_shape: (640, 640, 3), dst_order: NHCW, dst_shape: (640, 640, 3)) >> (PushQEl3yolov8n/input_layer1 | timeout: 10s) >> (HwWriteEl3yolov8n/input_layer1 | hw_frame_size: 1228800) >> HW
[2026-08-12 19:12:10.339] [37306] [HailoRT] [info] [multi_io_elements.cpp:135] [create] Created (NmsPPMuxEl0YOLOV8-Post-Process | Op YOLOV8, Name: YOLOV8-Post-Process, Score threshold: 0.200, IoU threshold: 0.70, Classes: 80, Max bboxes per class: 100, Image height: 640, Image width: 640)
[2026-08-12 19:12:10.339] [37306] [HailoRT] [info] [edge_elements.cpp:287] [create] Created (HwReadEl3yolov8n/conv41_97 | hw_frame_size: 409600)
[2026-08-12 19:12:10.339] [37306] [HailoRT] [info] [queue_elements.cpp:657] [create] Created (PullQEl_nms3yolov8n/conv41_97 | timeout: 10s)
[2026-08-12 19:12:10.339] [37306] [HailoRT] [info] [edge_elements.cpp:287] [create] Created (HwReadEl2yolov8n/conv42_97 | hw_frame_size: 512000)
[2026-08-12 19:12:10.339] [37306] [HailoRT] [info] [queue_elements.cpp:657] [create] Created (PullQEl_nms2yolov8n/conv42_97 | timeout: 10s)
[2026-08-12 19:12:10.339] [37306] [HailoRT] [info] [edge_elements.cpp:287] [create] Created (HwReadEl1yolov8n/conv52_97 | hw_frame_size: 102400)
[2026-08-12 19:12:10.339] [37306] [HailoRT] [info] [queue_elements.cpp:657] [create] Created (PullQEl_nms1yolov8n/conv52_97 | timeout: 10s)
[2026-08-12 19:12:10.339] [37306] [HailoRT] [info] [edge_elements.cpp:287] [create] Created (HwReadEl0yolov8n/conv53_97 | hw_frame_size: 128000)
[2026-08-12 19:12:10.339] [37306] [HailoRT] [info] [queue_elements.cpp:657] [create] Created (PullQEl_nms0yolov8n/conv53_97 | timeout: 10s)
[2026-08-12 19:12:10.339] [37306] [HailoRT] [info] [edge_elements.cpp:287] [create] Created (HwReadEl3yolov8n/conv62_97 | hw_frame_size: 30720)
[2026-08-12 19:12:10.339] [37306] [HailoRT] [info] [queue_elements.cpp:657] [create] Created (PullQEl_nms3yolov8n/conv62_97 | timeout: 10s)
[2026-08-12 19:12:10.340] [37306] [HailoRT] [info] [edge_elements.cpp:287] [create] Created (HwReadEl2yolov8n/conv63_97 | hw_frame_size: 38400)
[2026-08-12 19:12:10.340] [37306] [HailoRT] [info] [queue_elements.cpp:657] [create] Created (PullQEl_nms2yolov8n/conv63_97 | timeout: 10s)
[2026-08-12 19:12:10.340] [37306] [HailoRT] [info] [queue_elements.cpp:800] [create] Created (UserBufQEl_post_infer0yolov8n/yolov8_nms_postprocess | timeout: 10s)
[2026-08-12 19:12:10.340] [37306] [HailoRT] [info] [vstream.cpp:1114] [OutputVStreamImpl] Creating yolov8n/yolov8_nms_postprocess...
[2026-08-12 19:12:10.340] [37306] [HailoRT] [info] [vstream_builder.cpp:622] [create_output_post_process_nms] Output pipeline 'yolov8n/yolov8_nms_postprocess': HW >> (HwReadEl3yolov8n/conv41_97 | hw_frame_size: 409600) >> (PullQEl_nms3yolov8n/conv41_97) >> (HwReadEl2yolov8n/conv42_97 | hw_frame_size: 512000) >> (PullQEl_nms2yolov8n/conv42_97) >> (HwReadEl1yolov8n/conv52_97 | hw_frame_size: 102400) >> (PullQEl_nms1yolov8n/conv52_97) >> (HwReadEl0yolov8n/conv53_97 | hw_frame_size: 128000) >> (PullQEl_nms0yolov8n/conv53_97) >> (HwReadEl3yolov8n/conv62_97 | hw_frame_size: 30720) >> (PullQEl_nms3yolov8n/conv62_97) >> (HwReadEl2yolov8n/conv63_97 | hw_frame_size: 38400) >> (PullQEl_nms2yolov8n/conv63_97) >> (NmsPPMuxEl0YOLOV8-Post-Process | Op YOLOV8, Name: YOLOV8-Post-Process, Score threshold: 0.200, IoU threshold: 0.70, Classes: 80, Max bboxes per class: 100, Image height: 640, Image width: 640) >> (UserBufQEl_post_infer0yolov8n/yolov8_nms_postprocess | timeout: 10s)
[2026-08-12 19:13:01.803] [37322] [HailoRT] [info] [vdevice_native_stream.cpp:331] [read_impl] Failed read from stream HAILO_STREAM_ABORT(63) (device: 0001:01:00.0)
[2026-08-12 19:13:01.803] [37322] [HailoRT] [info] [edge_elements.cpp:396] [run_pull] Reading from stream was aborted!
[2026-08-12 19:13:01.804] [37322] [HailoRT] [info] [queue_elements.cpp:738] [run_in_thread] run_pull of queue element PullQEl_nms2yolov8n/conv42_97 was aborted!
[2026-08-12 19:13:01.804] [37323] [HailoRT] [info] [vdevice_native_stream.cpp:331] [read_impl] Failed read from stream HAILO_STREAM_ABORT(63) (device: 0001:01:00.0)
[2026-08-12 19:13:01.804] [37323] [HailoRT] [info] [edge_elements.cpp:396] [run_pull] Reading from stream was aborted!
[2026-08-12 19:13:01.804] [37323] [HailoRT] [info] [queue_elements.cpp:738] [run_in_thread] run_pull of queue element PullQEl_nms1yolov8n/conv52_97 was aborted!
[2026-08-12 19:13:01.804] [37321] [HailoRT] [info] [vdevice_native_stream.cpp:331] [read_impl] Failed read from stream HAILO_STREAM_ABORT(63) (device: 0001:01:00.0)
[2026-08-12 19:13:01.804] [37321] [HailoRT] [info] [edge_elements.cpp:396] [run_pull] Reading from stream was aborted!
[2026-08-12 19:13:01.804] [37321] [HailoRT] [info] [queue_elements.cpp:738] [run_in_thread] run_pull of queue element PullQEl_nms3yolov8n/conv41_97 was aborted!
[2026-08-12 19:13:01.804] [37325] [HailoRT] [info] [vdevice_native_stream.cpp:331] [read_impl] Failed read from stream HAILO_STREAM_ABORT(63) (device: 0001:01:00.0)
[2026-08-12 19:13:01.804] [37325] [HailoRT] [info] [edge_elements.cpp:396] [run_pull] Reading from stream was aborted!
[2026-08-12 19:13:01.804] [37325] [HailoRT] [info] [queue_elements.cpp:738] [run_in_thread] run_pull of queue element PullQEl_nms3yolov8n/conv62_97 was aborted!
[2026-08-12 19:13:01.804] [37327] [HailoRT] [info] [vdevice_native_stream.cpp:331] [read_impl] Failed read from stream HAILO_STREAM_ABORT(63) (device: 0001:01:00.0)
[2026-08-12 19:13:01.804] [37327] [HailoRT] [info] [edge_elements.cpp:396] [run_pull] Reading from stream was aborted!
[2026-08-12 19:13:01.804] [37327] [HailoRT] [info] [queue_elements.cpp:738] [run_in_thread] run_pull of queue element PullQEl_nms2yolov8n/conv63_97 was aborted!
[2026-08-12 19:13:01.803] [37324] [HailoRT] [info] [vdevice_native_stream.cpp:331] [read_impl] Failed read from stream HAILO_STREAM_ABORT(63) (device: 0001:01:00.0)
[2026-08-12 19:13:01.804] [37324] [HailoRT] [info] [edge_elements.cpp:396] [run_pull] Reading from stream was aborted!
[2026-08-12 19:13:01.804] [37324] [HailoRT] [info] [queue_elements.cpp:738] [run_in_thread] run_pull of queue element PullQEl_nms0yolov8n/conv53_97 was aborted!
[2026-08-12 19:13:01.804] [37329] [HailoRT] [info] [queue_elements.cpp:68] [operator()] Thread in element UserBufQEl_post_infer0yolov8n/yolov8_nms_postprocess is not running anymore, exiting..
[2026-08-12 19:13:01.804] [37306] [HailoRT] [info] [queue_elements.cpp:46] [~BaseQueueElement] Queue element UserBufQEl_post_infer0yolov8n/yolov8_nms_postprocess has 0 frames in his Queue on destruction
[2026-08-12 19:13:01.805] [37327] [HailoRT] [info] [queue_elements.cpp:68] [operator()] Thread in element PullQEl_nms2yolov8n/conv63_97 is not running anymore, exiting..
[2026-08-12 19:13:01.805] [37306] [HailoRT] [info] [queue_elements.cpp:46] [~BaseQueueElement] Queue element PullQEl_nms2yolov8n/conv63_97 has 0 frames in his Queue on destruction
[2026-08-12 19:13:01.805] [37325] [HailoRT] [info] [queue_elements.cpp:68] [operator()] Thread in element PullQEl_nms3yolov8n/conv62_97 is not running anymore, exiting..
[2026-08-12 19:13:01.806] [37306] [HailoRT] [info] [queue_elements.cpp:46] [~BaseQueueElement] Queue element PullQEl_nms3yolov8n/conv62_97 has 0 frames in his Queue on destruction
[2026-08-12 19:13:01.807] [37324] [HailoRT] [info] [queue_elements.cpp:68] [operator()] Thread in element PullQEl_nms0yolov8n/conv53_97 is not running anymore, exiting..
[2026-08-12 19:13:01.807] [37306] [HailoRT] [info] [queue_elements.cpp:46] [~BaseQueueElement] Queue element PullQEl_nms0yolov8n/conv53_97 has 0 frames in his Queue on destruction
[2026-08-12 19:13:01.807] [37323] [HailoRT] [info] [queue_elements.cpp:68] [operator()] Thread in element PullQEl_nms1yolov8n/conv52_97 is not running anymore, exiting..
[2026-08-12 19:13:01.807] [37306] [HailoRT] [info] [queue_elements.cpp:46] [~BaseQueueElement] Queue element PullQEl_nms1yolov8n/conv52_97 has 0 frames in his Queue on destruction
[2026-08-12 19:13:01.808] [37322] [HailoRT] [info] [queue_elements.cpp:68] [operator()] Thread in element PullQEl_nms2yolov8n/conv42_97 is not running anymore, exiting..
[2026-08-12 19:13:01.808] [37306] [HailoRT] [info] [queue_elements.cpp:46] [~BaseQueueElement] Queue element PullQEl_nms2yolov8n/conv42_97 has 0 frames in his Queue on destruction
[2026-08-12 19:13:01.808] [37321] [HailoRT] [info] [queue_elements.cpp:68] [operator()] Thread in element PullQEl_nms3yolov8n/conv41_97 is not running anymore, exiting..
[2026-08-12 19:13:01.808] [37306] [HailoRT] [info] [queue_elements.cpp:46] [~BaseQueueElement] Queue element PullQEl_nms3yolov8n/conv41_97 has 0 frames in his Queue on destruction
[2026-08-12 19:13:01.808] [37306] [HailoRT] [info] [queue_elements.cpp:46] [~BaseQueueElement] Queue element PushQEl3yolov8n/input_layer1 has 0 frames in his Queue on destruction
[2026-08-12 19:13:01.809] [37306] [HailoRT] [info] [core_op.cpp:186] [deactivate] Deactivating took 0.646003 ms
[2026-08-12 19:13:01.809] [37306] [HailoRT] [info] [core_op.cpp:186] [deactivate] Deactivating took 0.674707 ms
[2026-08-12 19:15:12.606] [40457] [HailoRT] [info] [vdevice.cpp:535] [create] Creating vdevice with params: device_count: 1, scheduling_algorithm: NONE, multi_process_service: false
[2026-08-12 19:15:12.619] [40457] [HailoRT] [info] [device.cpp:51] [Device] OS Version: Linux 6.18.39+rpt-rpi-2712 #1 SMP PREEMPT Debian 1:6.18.39-1+rpt1 (2026-07-29) aarch64
[2026-08-12 19:15:12.619] [40457] [HailoRT] [info] [control.cpp:113] [control__parse_identify_results] firmware_version is: 4.23.0
[2026-08-12 19:15:12.619] [40457] [HailoRT] [info] [vdevice.cpp:682] [create] VDevice Infos: 0001:01:00.0
[2026-08-12 19:15:12.631] [40457] [HailoRT] [info] [internal_buffer_manager.cpp:77] [print_execution_results] Planned internal buffer memory: CMA=0 CMA-Desc=851968 Pinned=1560576. memory to edge layer usage factor is 0.78902406
[2026-08-12 19:15:12.631] [40457] [HailoRT] [info] [internal_buffer_manager.cpp:86] [print_execution_results] Default Internal buffer planner executed successfully
[2026-08-12 19:15:12.689] [40457] [HailoRT] [info] [device_internal.cpp:57] [configure] Configuring HEF took 69.582455 milliseconds
[2026-08-12 19:15:12.689] [40457] [HailoRT] [info] [vdevice.cpp:780] [configure] Configuring HEF on VDevice took 70.003271 milliseconds
[2026-08-12 19:15:12.690] [40457] [HailoRT] [info] [hef.cpp:1994] [get_network_group_and_network_name] No name was given. Addressing all networks of default network_group: yolov8n
[2026-08-12 19:15:12.696] [40457] [HailoRT] [info] [core_op.cpp:156] [activate] Activating yolov8n took 6.030488 milliseconds. Note that the function is asynchronous and thus the network is not fully activated yet.
[2026-08-12 19:15:12.696] [40457] [HailoRT] [info] [core_op.cpp:156] [activate] Activating yolov8n took 6.07447 milliseconds. Note that the function is asynchronous and thus the network is not fully activated yet.
[2026-08-12 19:15:12.696] [40457] [HailoRT] [info] [edge_elements.cpp:52] [create] Created (HwWriteEl3yolov8n/input_layer1 | hw_frame_size: 1228800)
[2026-08-12 19:15:12.697] [40457] [HailoRT] [info] [queue_elements.cpp:284] [create] Created (PushQEl3yolov8n/input_layer1 | timeout: 10s)
[2026-08-12 19:15:12.697] [40457] [HailoRT] [info] [filter_elements.cpp:101] [create] Created (PreInferEl3yolov8n/input_layer1 | Reorder - src_order: NHWC, src_shape: (640, 640, 3), dst_order: NHCW, dst_shape: (640, 640, 3))
[2026-08-12 19:15:12.697] [40457] [HailoRT] [info] [vstream.cpp:754] [InputVStreamImpl] Creating yolov8n/input_layer1...
[2026-08-12 19:15:12.697] [40457] [HailoRT] [info] [vstream_builder.cpp:102] [create_inputs] Input pipeline 'yolov8n/input_layer1': (PreInferEl3yolov8n/input_layer1 | Reorder - src_order: NHWC, src_shape: (640, 640, 3), dst_order: NHCW, dst_shape: (640, 640, 3)) >> (PushQEl3yolov8n/input_layer1 | timeout: 10s) >> (HwWriteEl3yolov8n/input_layer1 | hw_frame_size: 1228800) >> HW
[2026-08-12 19:15:12.697] [40457] [HailoRT] [info] [multi_io_elements.cpp:135] [create] Created (NmsPPMuxEl0YOLOV8-Post-Process | Op YOLOV8, Name: YOLOV8-Post-Process, Score threshold: 0.200, IoU threshold: 0.70, Classes: 80, Max bboxes per class: 100, Image height: 640, Image width: 640)
[2026-08-12 19:15:12.697] [40457] [HailoRT] [info] [edge_elements.cpp:287] [create] Created (HwReadEl3yolov8n/conv41_97 | hw_frame_size: 409600)
[2026-08-12 19:15:12.697] [40457] [HailoRT] [info] [queue_elements.cpp:657] [create] Created (PullQEl_nms3yolov8n/conv41_97 | timeout: 10s)
[2026-08-12 19:15:12.697] [40457] [HailoRT] [info] [edge_elements.cpp:287] [create] Created (HwReadEl2yolov8n/conv42_97 | hw_frame_size: 512000)
[2026-08-12 19:15:12.697] [40457] [HailoRT] [info] [queue_elements.cpp:657] [create] Created (PullQEl_nms2yolov8n/conv42_97 | timeout: 10s)
[2026-08-12 19:15:12.697] [40457] [HailoRT] [info] [edge_elements.cpp:287] [create] Created (HwReadEl1yolov8n/conv52_97 | hw_frame_size: 102400)
[2026-08-12 19:15:12.697] [40457] [HailoRT] [info] [queue_elements.cpp:657] [create] Created (PullQEl_nms1yolov8n/conv52_97 | timeout: 10s)
[2026-08-12 19:15:12.697] [40457] [HailoRT] [info] [edge_elements.cpp:287] [create] Created (HwReadEl0yolov8n/conv53_97 | hw_frame_size: 128000)
[2026-08-12 19:15:12.698] [40457] [HailoRT] [info] [queue_elements.cpp:657] [create] Created (PullQEl_nms0yolov8n/conv53_97 | timeout: 10s)
[2026-08-12 19:15:12.698] [40457] [HailoRT] [info] [edge_elements.cpp:287] [create] Created (HwReadEl3yolov8n/conv62_97 | hw_frame_size: 30720)
[2026-08-12 19:15:12.698] [40457] [HailoRT] [info] [queue_elements.cpp:657] [create] Created (PullQEl_nms3yolov8n/conv62_97 | timeout: 10s)
[2026-08-12 19:15:12.698] [40457] [HailoRT] [info] [edge_elements.cpp:287] [create] Created (HwReadEl2yolov8n/conv63_97 | hw_frame_size: 38400)
[2026-08-12 19:15:12.698] [40457] [HailoRT] [info] [queue_elements.cpp:657] [create] Created (PullQEl_nms2yolov8n/conv63_97 | timeout: 10s)
[2026-08-12 19:15:12.698] [40457] [HailoRT] [info] [queue_elements.cpp:800] [create] Created (UserBufQEl_post_infer0yolov8n/yolov8_nms_postprocess | timeout: 10s)
[2026-08-12 19:15:12.699] [40457] [HailoRT] [info] [vstream.cpp:1114] [OutputVStreamImpl] Creating yolov8n/yolov8_nms_postprocess...
[2026-08-12 19:15:12.699] [40457] [HailoRT] [info] [vstream_builder.cpp:622] [create_output_post_process_nms] Output pipeline 'yolov8n/yolov8_nms_postprocess': HW >> (HwReadEl3yolov8n/conv41_97 | hw_frame_size: 409600) >> (PullQEl_nms3yolov8n/conv41_97) >> (HwReadEl2yolov8n/conv42_97 | hw_frame_size: 512000) >> (PullQEl_nms2yolov8n/conv42_97) >> (HwReadEl1yolov8n/conv52_97 | hw_frame_size: 102400) >> (PullQEl_nms1yolov8n/conv52_97) >> (HwReadEl0yolov8n/conv53_97 | hw_frame_size: 128000) >> (PullQEl_nms0yolov8n/conv53_97) >> (HwReadEl3yolov8n/conv62_97 | hw_frame_size: 30720) >> (PullQEl_nms3yolov8n/conv62_97) >> (HwReadEl2yolov8n/conv63_97 | hw_frame_size: 38400) >> (PullQEl_nms2yolov8n/conv63_97) >> (NmsPPMuxEl0YOLOV8-Post-Process | Op YOLOV8, Name: YOLOV8-Post-Process, Score threshold: 0.200, IoU threshold: 0.70, Classes: 80, Max bboxes per class: 100, Image height: 640, Image width: 640) >> (UserBufQEl_post_infer0yolov8n/yolov8_nms_postprocess | timeout: 10s)
[2026-08-12 19:16:48.181] [40470] [HailoRT] [info] [vdevice_native_stream.cpp:331] [read_impl] Failed read from stream HAILO_STREAM_ABORT(63) (device: 0001:01:00.0)
[2026-08-12 19:16:48.181] [40469] [HailoRT] [info] [vdevice_native_stream.cpp:331] [read_impl] Failed read from stream HAILO_STREAM_ABORT(63) (device: 0001:01:00.0)
[2026-08-12 19:16:48.181] [40469] [HailoRT] [info] [edge_elements.cpp:396] [run_pull] Reading from stream was aborted!
[2026-08-12 19:16:48.181] [40469] [HailoRT] [info] [queue_elements.cpp:738] [run_in_thread] run_pull of queue element PullQEl_nms3yolov8n/conv41_97 was aborted!
[2026-08-12 19:16:48.181] [40472] [HailoRT] [info] [vdevice_native_stream.cpp:331] [read_impl] Failed read from stream HAILO_STREAM_ABORT(63) (device: 0001:01:00.0)
[2026-08-12 19:16:48.181] [40472] [HailoRT] [info] [edge_elements.cpp:396] [run_pull] Reading from stream was aborted!
[2026-08-12 19:16:48.181] [40474] [HailoRT] [info] [vdevice_native_stream.cpp:331] [read_impl] Failed read from stream HAILO_STREAM_ABORT(63) (device: 0001:01:00.0)
[2026-08-12 19:16:48.181] [40474] [HailoRT] [info] [edge_elements.cpp:396] [run_pull] Reading from stream was aborted!
[2026-08-12 19:16:48.181] [40472] [HailoRT] [info] [queue_elements.cpp:738] [run_in_thread] run_pull of queue element PullQEl_nms0yolov8n/conv53_97 was aborted!
[2026-08-12 19:16:48.181] [40474] [HailoRT] [info] [queue_elements.cpp:738] [run_in_thread] run_pull of queue element PullQEl_nms2yolov8n/conv63_97 was aborted!
[2026-08-12 19:16:48.181] [40470] [HailoRT] [info] [edge_elements.cpp:396] [run_pull] Reading from stream was aborted!
[2026-08-12 19:16:48.181] [40470] [HailoRT] [info] [queue_elements.cpp:738] [run_in_thread] run_pull of queue element PullQEl_nms2yolov8n/conv42_97 was aborted!
[2026-08-12 19:16:48.181] [40471] [HailoRT] [info] [vdevice_native_stream.cpp:331] [read_impl] Failed read from stream HAILO_STREAM_ABORT(63) (device: 0001:01:00.0)
[2026-08-12 19:16:48.181] [40471] [HailoRT] [info] [edge_elements.cpp:396] [run_pull] Reading from stream was aborted!
[2026-08-12 19:16:48.181] [40473] [HailoRT] [info] [vdevice_native_stream.cpp:331] [read_impl] Failed read from stream HAILO_STREAM_ABORT(63) (device: 0001:01:00.0)
[2026-08-12 19:16:48.181] [40471] [HailoRT] [info] [queue_elements.cpp:738] [run_in_thread] run_pull of queue element PullQEl_nms1yolov8n/conv52_97 was aborted!
[2026-08-12 19:16:48.181] [40473] [HailoRT] [info] [edge_elements.cpp:396] [run_pull] Reading from stream was aborted!
[2026-08-12 19:16:48.181] [40473] [HailoRT] [info] [queue_elements.cpp:738] [run_in_thread] run_pull of queue element PullQEl_nms3yolov8n/conv62_97 was aborted!
[2026-08-12 19:16:48.181] [40475] [HailoRT] [info] [queue_elements.cpp:68] [operator()] Thread in element UserBufQEl_post_infer0yolov8n/yolov8_nms_postprocess is not running anymore, exiting..
[2026-08-12 19:16:48.181] [40457] [HailoRT] [info] [queue_elements.cpp:46] [~BaseQueueElement] Queue element UserBufQEl_post_infer0yolov8n/yolov8_nms_postprocess has 0 frames in his Queue on destruction
[2026-08-12 19:16:48.181] [40474] [HailoRT] [info] [queue_elements.cpp:68] [operator()] Thread in element PullQEl_nms2yolov8n/conv63_97 is not running anymore, exiting..
[2026-08-12 19:16:48.181] [40457] [HailoRT] [info] [queue_elements.cpp:46] [~BaseQueueElement] Queue element PullQEl_nms2yolov8n/conv63_97 has 0 frames in his Queue on destruction
[2026-08-12 19:16:48.181] [40473] [HailoRT] [info] [queue_elements.cpp:68] [operator()] Thread in element PullQEl_nms3yolov8n/conv62_97 is not running anymore, exiting..
[2026-08-12 19:16:48.181] [40457] [HailoRT] [info] [queue_elements.cpp:46] [~BaseQueueElement] Queue element PullQEl_nms3yolov8n/conv62_97 has 0 frames in his Queue on destruction
[2026-08-12 19:16:48.181] [40472] [HailoRT] [info] [queue_elements.cpp:68] [operator()] Thread in element PullQEl_nms0yolov8n/conv53_97 is not running anymore, exiting..
[2026-08-12 19:16:48.181] [40457] [HailoRT] [info] [queue_elements.cpp:46] [~BaseQueueElement] Queue element PullQEl_nms0yolov8n/conv53_97 has 0 frames in his Queue on destruction
[2026-08-12 19:16:48.181] [40471] [HailoRT] [info] [queue_elements.cpp:68] [operator()] Thread in element PullQEl_nms1yolov8n/conv52_97 is not running anymore, exiting..
[2026-08-12 19:16:48.181] [40457] [HailoRT] [info] [queue_elements.cpp:46] [~BaseQueueElement] Queue element PullQEl_nms1yolov8n/conv52_97 has 0 frames in his Queue on destruction
[2026-08-12 19:16:48.182] [40470] [HailoRT] [info] [queue_elements.cpp:68] [operator()] Thread in element PullQEl_nms2yolov8n/conv42_97 is not running anymore, exiting..
[2026-08-12 19:16:48.182] [40457] [HailoRT] [info] [queue_elements.cpp:46] [~BaseQueueElement] Queue element PullQEl_nms2yolov8n/conv42_97 has 0 frames in his Queue on destruction
[2026-08-12 19:16:48.182] [40469] [HailoRT] [info] [queue_elements.cpp:68] [operator()] Thread in element PullQEl_nms3yolov8n/conv41_97 is not running anymore, exiting..
[2026-08-12 19:16:48.182] [40457] [HailoRT] [info] [queue_elements.cpp:46] [~BaseQueueElement] Queue element PullQEl_nms3yolov8n/conv41_97 has 0 frames in his Queue on destruction
[2026-08-12 19:16:48.182] [40468] [HailoRT] [info] [queue_elements.cpp:68] [operator()] Thread in element PushQEl3yolov8n/input_layer1 is not running anymore, exiting..
[2026-08-12 19:16:48.182] [40457] [HailoRT] [info] [queue_elements.cpp:46] [~BaseQueueElement] Queue element PushQEl3yolov8n/input_layer1 has 0 frames in his Queue on destruction
[2026-08-12 19:16:48.182] [40457] [HailoRT] [info] [core_op.cpp:186] [deactivate] Deactivating took 0.469206 ms
[2026-08-12 19:16:48.182] [40457] [HailoRT] [info] [core_op.cpp:186] [deactivate] Deactivating took 0.486187 ms
[2026-08-12 19:21:37.044] [46479] [HailoRT] [info] [vdevice.cpp:535] [create] Creating vdevice with params: device_count: 1, scheduling_algorithm: NONE, multi_process_service: false
[2026-08-12 19:21:37.057] [46479] [HailoRT] [info] [device.cpp:51] [Device] OS Version: Linux 6.18.39+rpt-rpi-2712 #1 SMP PREEMPT Debian 1:6.18.39-1+rpt1 (2026-07-29) aarch64
[2026-08-12 19:21:37.059] [46479] [HailoRT] [info] [control.cpp:113] [control__parse_identify_results] firmware_version is: 4.23.0
[2026-08-12 19:21:37.059] [46479] [HailoRT] [info] [vdevice.cpp:682] [create] VDevice Infos: 0001:01:00.0
[2026-08-12 19:21:37.072] [46479] [HailoRT] [info] [internal_buffer_manager.cpp:77] [print_execution_results] Planned internal buffer memory: CMA=0 CMA-Desc=851968 Pinned=1560576. memory to edge layer usage factor is 0.78902406
[2026-08-12 19:21:37.072] [46479] [HailoRT] [info] [internal_buffer_manager.cpp:86] [print_execution_results] Default Internal buffer planner executed successfully
[2026-08-12 19:21:37.123] [46479] [HailoRT] [info] [device_internal.cpp:57] [configure] Configuring HEF took 63.327801 milliseconds
[2026-08-12 19:21:37.123] [46479] [HailoRT] [info] [vdevice.cpp:780] [configure] Configuring HEF on VDevice took 63.792729 milliseconds
[2026-08-12 19:21:37.124] [46479] [HailoRT] [info] [hef.cpp:1994] [get_network_group_and_network_name] No name was given. Addressing all networks of default network_group: yolov8n
[2026-08-12 19:21:37.125] [46479] [HailoRT] [info] [core_op.cpp:156] [activate] Activating yolov8n took 0.79804 milliseconds. Note that the function is asynchronous and thus the network is not fully activated yet.
[2026-08-12 19:21:37.125] [46479] [HailoRT] [info] [core_op.cpp:156] [activate] Activating yolov8n took 0.816096 milliseconds. Note that the function is asynchronous and thus the network is not fully activated yet.
[2026-08-12 19:21:37.125] [46479] [HailoRT] [info] [edge_elements.cpp:52] [create] Created (HwWriteEl3yolov8n/input_layer1 | hw_frame_size: 1228800)
[2026-08-12 19:21:37.125] [46479] [HailoRT] [info] [queue_elements.cpp:284] [create] Created (PushQEl3yolov8n/input_layer1 | timeout: 10s)
[2026-08-12 19:21:37.125] [46479] [HailoRT] [info] [filter_elements.cpp:101] [create] Created (PreInferEl3yolov8n/input_layer1 | Reorder - src_order: NHWC, src_shape: (640, 640, 3), dst_order: NHCW, dst_shape: (640, 640, 3))
[2026-08-12 19:21:37.125] [46479] [HailoRT] [info] [vstream.cpp:754] [InputVStreamImpl] Creating yolov8n/input_layer1...
[2026-08-12 19:21:37.125] [46479] [HailoRT] [info] [vstream_builder.cpp:102] [create_inputs] Input pipeline 'yolov8n/input_layer1': (PreInferEl3yolov8n/input_layer1 | Reorder - src_order: NHWC, src_shape: (640, 640, 3), dst_order: NHCW, dst_shape: (640, 640, 3)) >> (PushQEl3yolov8n/input_layer1 | timeout: 10s) >> (HwWriteEl3yolov8n/input_layer1 | hw_frame_size: 1228800) >> HW
[2026-08-12 19:21:37.125] [46479] [HailoRT] [info] [multi_io_elements.cpp:135] [create] Created (NmsPPMuxEl0YOLOV8-Post-Process | Op YOLOV8, Name: YOLOV8-Post-Process, Score threshold: 0.200, IoU threshold: 0.70, Classes: 80, Max bboxes per class: 100, Image height: 640, Image width: 640)
[2026-08-12 19:21:37.125] [46479] [HailoRT] [info] [edge_elements.cpp:287] [create] Created (HwReadEl3yolov8n/conv41_97 | hw_frame_size: 409600)
[2026-08-12 19:21:37.125] [46479] [HailoRT] [info] [queue_elements.cpp:657] [create] Created (PullQEl_nms3yolov8n/conv41_97 | timeout: 10s)
[2026-08-12 19:21:37.125] [46479] [HailoRT] [info] [edge_elements.cpp:287] [create] Created (HwReadEl2yolov8n/conv42_97 | hw_frame_size: 512000)
[2026-08-12 19:21:37.126] [46479] [HailoRT] [info] [queue_elements.cpp:657] [create] Created (PullQEl_nms2yolov8n/conv42_97 | timeout: 10s)
[2026-08-12 19:21:37.126] [46479] [HailoRT] [info] [edge_elements.cpp:287] [create] Created (HwReadEl1yolov8n/conv52_97 | hw_frame_size: 102400)
[2026-08-12 19:21:37.126] [46479] [HailoRT] [info] [queue_elements.cpp:657] [create] Created (PullQEl_nms1yolov8n/conv52_97 | timeout: 10s)
[2026-08-12 19:21:37.126] [46479] [HailoRT] [info] [edge_elements.cpp:287] [create] Created (HwReadEl0yolov8n/conv53_97 | hw_frame_size: 128000)
[2026-08-12 19:21:37.126] [46479] [HailoRT] [info] [queue_elements.cpp:657] [create] Created (PullQEl_nms0yolov8n/conv53_97 | timeout: 10s)
[2026-08-12 19:21:37.126] [46479] [HailoRT] [info] [edge_elements.cpp:287] [create] Created (HwReadEl3yolov8n/conv62_97 | hw_frame_size: 30720)
[2026-08-12 19:21:37.128] [46479] [HailoRT] [info] [queue_elements.cpp:657] [create] Created (PullQEl_nms3yolov8n/conv62_97 | timeout: 10s)
[2026-08-12 19:21:37.128] [46479] [HailoRT] [info] [edge_elements.cpp:287] [create] Created (HwReadEl2yolov8n/conv63_97 | hw_frame_size: 38400)
[2026-08-12 19:21:37.129] [46479] [HailoRT] [info] [queue_elements.cpp:657] [create] Created (PullQEl_nms2yolov8n/conv63_97 | timeout: 10s)
[2026-08-12 19:21:37.130] [46479] [HailoRT] [info] [queue_elements.cpp:800] [create] Created (UserBufQEl_post_infer0yolov8n/yolov8_nms_postprocess | timeout: 10s)
[2026-08-12 19:21:37.131] [46479] [HailoRT] [info] [vstream.cpp:1114] [OutputVStreamImpl] Creating yolov8n/yolov8_nms_postprocess...
[2026-08-12 19:21:37.131] [46479] [HailoRT] [info] [vstream_builder.cpp:622] [create_output_post_process_nms] Output pipeline 'yolov8n/yolov8_nms_postprocess': HW >> (HwReadEl3yolov8n/conv41_97 | hw_frame_size: 409600) >> (PullQEl_nms3yolov8n/conv41_97) >> (HwReadEl2yolov8n/conv42_97 | hw_frame_size: 512000) >> (PullQEl_nms2yolov8n/conv42_97) >> (HwReadEl1yolov8n/conv52_97 | hw_frame_size: 102400) >> (PullQEl_nms1yolov8n/conv52_97) >> (HwReadEl0yolov8n/conv53_97 | hw_frame_size: 128000) >> (PullQEl_nms0yolov8n/conv53_97) >> (HwReadEl3yolov8n/conv62_97 | hw_frame_size: 30720) >> (PullQEl_nms3yolov8n/conv62_97) >> (HwReadEl2yolov8n/conv63_97 | hw_frame_size: 38400) >> (PullQEl_nms2yolov8n/conv63_97) >> (NmsPPMuxEl0YOLOV8-Post-Process | Op YOLOV8, Name: YOLOV8-Post-Process, Score threshold: 0.200, IoU threshold: 0.70, Classes: 80, Max bboxes per class: 100, Image height: 640, Image width: 640) >> (UserBufQEl_post_infer0yolov8n/yolov8_nms_postprocess | timeout: 10s)
[2026-08-12 19:21:40.491] [46493] [HailoRT] [info] [vdevice_native_stream.cpp:331] [read_impl] Failed read from stream HAILO_STREAM_ABORT(63) (device: 0001:01:00.0)
[2026-08-12 19:21:40.491] [46493] [HailoRT] [info] [edge_elements.cpp:396] [run_pull] Reading from stream was aborted!
[2026-08-12 19:21:40.491] [46493] [HailoRT] [info] [queue_elements.cpp:738] [run_in_thread] run_pull of queue element PullQEl_nms1yolov8n/conv52_97 was aborted!
[2026-08-12 19:21:40.491] [46491] [HailoRT] [info] [vdevice_native_stream.cpp:331] [read_impl] Failed read from stream HAILO_STREAM_ABORT(63) (device: 0001:01:00.0)
[2026-08-12 19:21:40.491] [46491] [HailoRT] [info] [edge_elements.cpp:396] [run_pull] Reading from stream was aborted!
[2026-08-12 19:21:40.491] [46491] [HailoRT] [info] [queue_elements.cpp:738] [run_in_thread] run_pull of queue element PullQEl_nms3yolov8n/conv41_97 was aborted!
[2026-08-12 19:21:40.492] [46494] [HailoRT] [info] [vdevice_native_stream.cpp:331] [read_impl] Failed read from stream HAILO_STREAM_ABORT(63) (device: 0001:01:00.0)
[2026-08-12 19:21:40.492] [46494] [HailoRT] [info] [edge_elements.cpp:396] [run_pull] Reading from stream was aborted!
[2026-08-12 19:21:40.492] [46494] [HailoRT] [info] [queue_elements.cpp:738] [run_in_thread] run_pull of queue element PullQEl_nms0yolov8n/conv53_97 was aborted!
[2026-08-12 19:21:40.492] [46496] [HailoRT] [info] [vdevice_native_stream.cpp:331] [read_impl] Failed read from stream HAILO_STREAM_ABORT(63) (device: 0001:01:00.0)
[2026-08-12 19:21:40.492] [46496] [HailoRT] [info] [edge_elements.cpp:396] [run_pull] Reading from stream was aborted!
[2026-08-12 19:21:40.492] [46496] [HailoRT] [info] [queue_elements.cpp:738] [run_in_thread] run_pull of queue element PullQEl_nms2yolov8n/conv63_97 was aborted!
[2026-08-12 19:21:40.492] [46495] [HailoRT] [info] [vdevice_native_stream.cpp:331] [read_impl] Failed read from stream HAILO_STREAM_ABORT(63) (device: 0001:01:00.0)
[2026-08-12 19:21:40.492] [46495] [HailoRT] [info] [edge_elements.cpp:396] [run_pull] Reading from stream was aborted!
[2026-08-12 19:21:40.492] [46495] [HailoRT] [info] [queue_elements.cpp:738] [run_in_thread] run_pull of queue element PullQEl_nms3yolov8n/conv62_97 was aborted!
[2026-08-12 19:21:40.491] [46492] [HailoRT] [info] [vdevice_native_stream.cpp:331] [read_impl] Failed read from stream HAILO_STREAM_ABORT(63) (device: 0001:01:00.0)
[2026-08-12 19:21:40.493] [46492] [HailoRT] [info] [edge_elements.cpp:396] [run_pull] Reading from stream was aborted!
[2026-08-12 19:21:40.493] [46492] [HailoRT] [info] [queue_elements.cpp:738] [run_in_thread] run_pull of queue element PullQEl_nms2yolov8n/conv42_97 was aborted!
[2026-08-12 19:21:40.493] [46497] [HailoRT] [info] [queue_elements.cpp:68] [operator()] Thread in element UserBufQEl_post_infer0yolov8n/yolov8_nms_postprocess is not running anymore, exiting..
[2026-08-12 19:21:40.493] [46479] [HailoRT] [info] [queue_elements.cpp:46] [~BaseQueueElement] Queue element UserBufQEl_post_infer0yolov8n/yolov8_nms_postprocess has 0 frames in his Queue on destruction
[2026-08-12 19:21:40.493] [46496] [HailoRT] [info] [queue_elements.cpp:68] [operator()] Thread in element PullQEl_nms2yolov8n/conv63_97 is not running anymore, exiting..
[2026-08-12 19:21:40.493] [46479] [HailoRT] [info] [queue_elements.cpp:46] [~BaseQueueElement] Queue element PullQEl_nms2yolov8n/conv63_97 has 0 frames in his Queue on destruction
[2026-08-12 19:21:40.493] [46495] [HailoRT] [info] [queue_elements.cpp:68] [operator()] Thread in element PullQEl_nms3yolov8n/conv62_97 is not running anymore, exiting..
[2026-08-12 19:21:40.494] [46479] [HailoRT] [info] [queue_elements.cpp:46] [~BaseQueueElement] Queue element PullQEl_nms3yolov8n/conv62_97 has 0 frames in his Queue on destruction
[2026-08-12 19:21:40.495] [46494] [HailoRT] [info] [queue_elements.cpp:68] [operator()] Thread in element PullQEl_nms0yolov8n/conv53_97 is not running anymore, exiting..
[2026-08-12 19:21:40.495] [46479] [HailoRT] [info] [queue_elements.cpp:46] [~BaseQueueElement] Queue element PullQEl_nms0yolov8n/conv53_97 has 0 frames in his Queue on destruction
[2026-08-12 19:21:40.497] [46493] [HailoRT] [info] [queue_elements.cpp:68] [operator()] Thread in element PullQEl_nms1yolov8n/conv52_97 is not running anymore, exiting..
[2026-08-12 19:21:40.497] [46479] [HailoRT] [info] [queue_elements.cpp:46] [~BaseQueueElement] Queue element PullQEl_nms1yolov8n/conv52_97 has 0 frames in his Queue on destruction
[2026-08-12 19:21:40.498] [46492] [HailoRT] [info] [queue_elements.cpp:68] [operator()] Thread in element PullQEl_nms2yolov8n/conv42_97 is not running anymore, exiting..
[2026-08-12 19:21:40.498] [46479] [HailoRT] [info] [queue_elements.cpp:46] [~BaseQueueElement] Queue element PullQEl_nms2yolov8n/conv42_97 has 0 frames in his Queue on destruction
[2026-08-12 19:21:40.498] [46491] [HailoRT] [info] [queue_elements.cpp:68] [operator()] Thread in element PullQEl_nms3yolov8n/conv41_97 is not running anymore, exiting..
[2026-08-12 19:21:40.498] [46479] [HailoRT] [info] [queue_elements.cpp:46] [~BaseQueueElement] Queue element PullQEl_nms3yolov8n/conv41_97 has 0 frames in his Queue on destruction
[2026-08-12 19:21:40.498] [46490] [HailoRT] [info] [queue_elements.cpp:68] [operator()] Thread in element PushQEl3yolov8n/input_layer1 is not running anymore, exiting..
[2026-08-12 19:21:40.498] [46479] [HailoRT] [info] [queue_elements.cpp:46] [~BaseQueueElement] Queue element PushQEl3yolov8n/input_layer1 has 0 frames in his Queue on destruction
[2026-08-12 19:21:40.499] [46479] [HailoRT] [info] [core_op.cpp:186] [deactivate] Deactivating took 0.666854 ms
[2026-08-12 19:21:40.499] [46479] [HailoRT] [info] [core_op.cpp:186] [deactivate] Deactivating took 0.748799 ms
[2026-08-12 19:33:38.183] [46741] [HailoRT] [info] [vdevice.cpp:535] [create] Creating vdevice with params: device_count: 1, scheduling_algorithm: NONE, multi_process_service: false
[2026-08-12 19:33:38.196] [46741] [HailoRT] [info] [device.cpp:51] [Device] OS Version: Linux 6.18.39+rpt-rpi-2712 #1 SMP PREEMPT Debian 1:6.18.39-1+rpt1 (2026-07-29) aarch64
[2026-08-12 19:33:38.196] [46741] [HailoRT] [info] [control.cpp:113] [control__parse_identify_results] firmware_version is: 4.23.0
[2026-08-12 19:33:38.196] [46741] [HailoRT] [info] [vdevice.cpp:682] [create] VDevice Infos: 0001:01:00.0
[2026-08-12 19:33:38.205] [46741] [HailoRT] [info] [internal_buffer_manager.cpp:77] [print_execution_results] Planned internal buffer memory: CMA=0 CMA-Desc=851968 Pinned=1560576. memory to edge layer usage factor is 0.78902406
[2026-08-12 19:33:38.205] [46741] [HailoRT] [info] [internal_buffer_manager.cpp:86] [print_execution_results] Default Internal buffer planner executed successfully
[2026-08-12 19:33:38.250] [46741] [HailoRT] [info] [device_internal.cpp:57] [configure] Configuring HEF took 53.077831 milliseconds
[2026-08-12 19:33:38.250] [46741] [HailoRT] [info] [vdevice.cpp:780] [configure] Configuring HEF on VDevice took 53.925797 milliseconds
[2026-08-12 19:33:38.250] [46741] [HailoRT] [info] [hef.cpp:1994] [get_network_group_and_network_name] No name was given. Addressing all networks of default network_group: yolov8n
[2026-08-12 19:33:38.251] [46741] [HailoRT] [info] [core_op.cpp:156] [activate] Activating yolov8n took 0.75452 milliseconds. Note that the function is asynchronous and thus the network is not fully activated yet.
[2026-08-12 19:33:38.251] [46741] [HailoRT] [info] [core_op.cpp:156] [activate] Activating yolov8n took 0.775947 milliseconds. Note that the function is asynchronous and thus the network is not fully activated yet.
[2026-08-12 19:33:38.252] [46741] [HailoRT] [info] [edge_elements.cpp:52] [create] Created (HwWriteEl3yolov8n/input_layer1 | hw_frame_size: 1228800)
[2026-08-12 19:33:38.255] [46741] [HailoRT] [info] [queue_elements.cpp:284] [create] Created (PushQEl3yolov8n/input_layer1 | timeout: 10s)
[2026-08-12 19:33:38.255] [46741] [HailoRT] [info] [filter_elements.cpp:101] [create] Created (PreInferEl3yolov8n/input_layer1 | Reorder - src_order: NHWC, src_shape: (640, 640, 3), dst_order: NHCW, dst_shape: (640, 640, 3))
[2026-08-12 19:33:38.255] [46741] [HailoRT] [info] [vstream.cpp:754] [InputVStreamImpl] Creating yolov8n/input_layer1...
[2026-08-12 19:33:38.255] [46741] [HailoRT] [info] [vstream_builder.cpp:102] [create_inputs] Input pipeline 'yolov8n/input_layer1': (PreInferEl3yolov8n/input_layer1 | Reorder - src_order: NHWC, src_shape: (640, 640, 3), dst_order: NHCW, dst_shape: (640, 640, 3)) >> (PushQEl3yolov8n/input_layer1 | timeout: 10s) >> (HwWriteEl3yolov8n/input_layer1 | hw_frame_size: 1228800) >> HW
[2026-08-12 19:33:38.255] [46741] [HailoRT] [info] [multi_io_elements.cpp:135] [create] Created (NmsPPMuxEl0YOLOV8-Post-Process | Op YOLOV8, Name: YOLOV8-Post-Process, Score threshold: 0.200, IoU threshold: 0.70, Classes: 80, Max bboxes per class: 100, Image height: 640, Image width: 640)
[2026-08-12 19:33:38.255] [46741] [HailoRT] [info] [edge_elements.cpp:287] [create] Created (HwReadEl3yolov8n/conv41_97 | hw_frame_size: 409600)
[2026-08-12 19:33:38.255] [46741] [HailoRT] [info] [queue_elements.cpp:657] [create] Created (PullQEl_nms3yolov8n/conv41_97 | timeout: 10s)
[2026-08-12 19:33:38.255] [46741] [HailoRT] [info] [edge_elements.cpp:287] [create] Created (HwReadEl2yolov8n/conv42_97 | hw_frame_size: 512000)
[2026-08-12 19:33:38.256] [46741] [HailoRT] [info] [queue_elements.cpp:657] [create] Created (PullQEl_nms2yolov8n/conv42_97 | timeout: 10s)
[2026-08-12 19:33:38.256] [46741] [HailoRT] [info] [edge_elements.cpp:287] [create] Created (HwReadEl1yolov8n/conv52_97 | hw_frame_size: 102400)
[2026-08-12 19:33:38.259] [46741] [HailoRT] [info] [queue_elements.cpp:657] [create] Created (PullQEl_nms1yolov8n/conv52_97 | timeout: 10s)
[2026-08-12 19:33:38.259] [46741] [HailoRT] [info] [edge_elements.cpp:287] [create] Created (HwReadEl0yolov8n/conv53_97 | hw_frame_size: 128000)
[2026-08-12 19:33:38.260] [46741] [HailoRT] [info] [queue_elements.cpp:657] [create] Created (PullQEl_nms0yolov8n/conv53_97 | timeout: 10s)
[2026-08-12 19:33:38.260] [46741] [HailoRT] [info] [edge_elements.cpp:287] [create] Created (HwReadEl3yolov8n/conv62_97 | hw_frame_size: 30720)
[2026-08-12 19:33:38.263] [46741] [HailoRT] [info] [queue_elements.cpp:657] [create] Created (PullQEl_nms3yolov8n/conv62_97 | timeout: 10s)
[2026-08-12 19:33:38.263] [46741] [HailoRT] [info] [edge_elements.cpp:287] [create] Created (HwReadEl2yolov8n/conv63_97 | hw_frame_size: 38400)
[2026-08-12 19:33:38.263] [46741] [HailoRT] [info] [queue_elements.cpp:657] [create] Created (PullQEl_nms2yolov8n/conv63_97 | timeout: 10s)
[2026-08-12 19:33:38.264] [46741] [HailoRT] [info] [queue_elements.cpp:800] [create] Created (UserBufQEl_post_infer0yolov8n/yolov8_nms_postprocess | timeout: 10s)
[2026-08-12 19:33:38.264] [46741] [HailoRT] [info] [vstream.cpp:1114] [OutputVStreamImpl] Creating yolov8n/yolov8_nms_postprocess...
[2026-08-12 19:33:38.264] [46741] [HailoRT] [info] [vstream_builder.cpp:622] [create_output_post_process_nms] Output pipeline 'yolov8n/yolov8_nms_postprocess': HW >> (HwReadEl3yolov8n/conv41_97 | hw_frame_size: 409600) >> (PullQEl_nms3yolov8n/conv41_97) >> (HwReadEl2yolov8n/conv42_97 | hw_frame_size: 512000) >> (PullQEl_nms2yolov8n/conv42_97) >> (HwReadEl1yolov8n/conv52_97 | hw_frame_size: 102400) >> (PullQEl_nms1yolov8n/conv52_97) >> (HwReadEl0yolov8n/conv53_97 | hw_frame_size: 128000) >> (PullQEl_nms0yolov8n/conv53_97) >> (HwReadEl3yolov8n/conv62_97 | hw_frame_size: 30720) >> (PullQEl_nms3yolov8n/conv62_97) >> (HwReadEl2yolov8n/conv63_97 | hw_frame_size: 38400) >> (PullQEl_nms2yolov8n/conv63_97) >> (NmsPPMuxEl0YOLOV8-Post-Process | Op YOLOV8, Name: YOLOV8-Post-Process, Score threshold: 0.200, IoU threshold: 0.70, Classes: 80, Max bboxes per class: 100, Image height: 640, Image width: 640) >> (UserBufQEl_post_infer0yolov8n/yolov8_nms_postprocess | timeout: 10s)
[2026-08-12 19:33:56.996] [46754] [HailoRT] [info] [vdevice_native_stream.cpp:331] [read_impl] Failed read from stream HAILO_STREAM_ABORT(63) (device: 0001:01:00.0)
[2026-08-12 19:33:56.996] [46755] [HailoRT] [info] [vdevice_native_stream.cpp:331] [read_impl] Failed read from stream HAILO_STREAM_ABORT(63) (device: 0001:01:00.0)
[2026-08-12 19:33:56.996] [46755] [HailoRT] [info] [edge_elements.cpp:396] [run_pull] Reading from stream was aborted!
[2026-08-12 19:33:56.996] [46755] [HailoRT] [info] [queue_elements.cpp:738] [run_in_thread] run_pull of queue element PullQEl_nms1yolov8n/conv52_97 was aborted!
[2026-08-12 19:33:56.999] [46758] [HailoRT] [info] [vdevice_native_stream.cpp:331] [read_impl] Failed read from stream HAILO_STREAM_ABORT(63) (device: 0001:01:00.0)
[2026-08-12 19:33:56.999] [46758] [HailoRT] [info] [edge_elements.cpp:396] [run_pull] Reading from stream was aborted!
[2026-08-12 19:33:56.999] [46753] [HailoRT] [info] [vdevice_native_stream.cpp:331] [read_impl] Failed read from stream HAILO_STREAM_ABORT(63) (device: 0001:01:00.0)
[2026-08-12 19:33:56.999] [46753] [HailoRT] [info] [edge_elements.cpp:396] [run_pull] Reading from stream was aborted!
[2026-08-12 19:33:56.999] [46758] [HailoRT] [info] [queue_elements.cpp:738] [run_in_thread] run_pull of queue element PullQEl_nms2yolov8n/conv63_97 was aborted!
[2026-08-12 19:33:56.999] [46753] [HailoRT] [info] [queue_elements.cpp:738] [run_in_thread] run_pull of queue element PullQEl_nms3yolov8n/conv41_97 was aborted!
[2026-08-12 19:33:56.996] [46754] [HailoRT] [info] [edge_elements.cpp:396] [run_pull] Reading from stream was aborted!
[2026-08-12 19:33:56.999] [46754] [HailoRT] [info] [queue_elements.cpp:738] [run_in_thread] run_pull of queue element PullQEl_nms2yolov8n/conv42_97 was aborted!
[2026-08-12 19:33:56.999] [46757] [HailoRT] [info] [vdevice_native_stream.cpp:331] [read_impl] Failed read from stream HAILO_STREAM_ABORT(63) (device: 0001:01:00.0)
[2026-08-12 19:33:56.999] [46757] [HailoRT] [info] [edge_elements.cpp:396] [run_pull] Reading from stream was aborted!
[2026-08-12 19:33:56.999] [46756] [HailoRT] [info] [vdevice_native_stream.cpp:331] [read_impl] Failed read from stream HAILO_STREAM_ABORT(63) (device: 0001:01:00.0)
[2026-08-12 19:33:56.999] [46757] [HailoRT] [info] [queue_elements.cpp:738] [run_in_thread] run_pull of queue element PullQEl_nms3yolov8n/conv62_97 was aborted!
[2026-08-12 19:33:56.999] [46756] [HailoRT] [info] [edge_elements.cpp:396] [run_pull] Reading from stream was aborted!
[2026-08-12 19:33:56.999] [46756] [HailoRT] [info] [queue_elements.cpp:738] [run_in_thread] run_pull of queue element PullQEl_nms0yolov8n/conv53_97 was aborted!
[2026-08-12 19:33:57.002] [46759] [HailoRT] [info] [queue_elements.cpp:68] [operator()] Thread in element UserBufQEl_post_infer0yolov8n/yolov8_nms_postprocess is not running anymore, exiting..
[2026-08-12 19:33:57.003] [46741] [HailoRT] [info] [queue_elements.cpp:46] [~BaseQueueElement] Queue element UserBufQEl_post_infer0yolov8n/yolov8_nms_postprocess has 0 frames in his Queue on destruction
[2026-08-12 19:33:57.003] [46758] [HailoRT] [info] [queue_elements.cpp:68] [operator()] Thread in element PullQEl_nms2yolov8n/conv63_97 is not running anymore, exiting..
[2026-08-12 19:33:57.003] [46741] [HailoRT] [info] [queue_elements.cpp:46] [~BaseQueueElement] Queue element PullQEl_nms2yolov8n/conv63_97 has 0 frames in his Queue on destruction
[2026-08-12 19:33:57.003] [46757] [HailoRT] [info] [queue_elements.cpp:68] [operator()] Thread in element PullQEl_nms3yolov8n/conv62_97 is not running anymore, exiting..
[2026-08-12 19:33:57.003] [46741] [HailoRT] [info] [queue_elements.cpp:46] [~BaseQueueElement] Queue element PullQEl_nms3yolov8n/conv62_97 has 0 frames in his Queue on destruction
[2026-08-12 19:33:57.004] [46756] [HailoRT] [info] [queue_elements.cpp:68] [operator()] Thread in element PullQEl_nms0yolov8n/conv53_97 is not running anymore, exiting..
[2026-08-12 19:33:57.004] [46741] [HailoRT] [info] [queue_elements.cpp:46] [~BaseQueueElement] Queue element PullQEl_nms0yolov8n/conv53_97 has 0 frames in his Queue on destruction
[2026-08-12 19:33:57.005] [46755] [HailoRT] [info] [queue_elements.cpp:68] [operator()] Thread in element PullQEl_nms1yolov8n/conv52_97 is not running anymore, exiting..
[2026-08-12 19:33:57.005] [46741] [HailoRT] [info] [queue_elements.cpp:46] [~BaseQueueElement] Queue element PullQEl_nms1yolov8n/conv52_97 has 0 frames in his Queue on destruction
[2026-08-12 19:33:57.005] [46754] [HailoRT] [info] [queue_elements.cpp:68] [operator()] Thread in element PullQEl_nms2yolov8n/conv42_97 is not running anymore, exiting..
[2026-08-12 19:33:57.005] [46741] [HailoRT] [info] [queue_elements.cpp:46] [~BaseQueueElement] Queue element PullQEl_nms2yolov8n/conv42_97 has 0 frames in his Queue on destruction
[2026-08-12 19:33:57.005] [46753] [HailoRT] [info] [queue_elements.cpp:68] [operator()] Thread in element PullQEl_nms3yolov8n/conv41_97 is not running anymore, exiting..
[2026-08-12 19:33:57.005] [46741] [HailoRT] [info] [queue_elements.cpp:46] [~BaseQueueElement] Queue element PullQEl_nms3yolov8n/conv41_97 has 0 frames in his Queue on destruction
[2026-08-12 19:33:57.005] [46752] [HailoRT] [info] [queue_elements.cpp:68] [operator()] Thread in element PushQEl3yolov8n/input_layer1 is not running anymore, exiting..
[2026-08-12 19:33:57.006] [46741] [HailoRT] [info] [queue_elements.cpp:46] [~BaseQueueElement] Queue element PushQEl3yolov8n/input_layer1 has 0 frames in his Queue on destruction
[2026-08-12 19:33:57.006] [46741] [HailoRT] [info] [core_op.cpp:186] [deactivate] Deactivating took 0.603538 ms
[2026-08-12 19:33:57.006] [46741] [HailoRT] [info] [core_op.cpp:186] [deactivate] Deactivating took 0.637428 ms
[2026-08-12 21:21:57.656] [74336] [HailoRT] [error] [hef.cpp:612] [parse_hef_file] Unsupported hef version 1067590
[2026-08-12 21:21:57.656] [74336] [HailoRT] [error] [hef.cpp:1060] [Impl] Failed parsing HEF file
[2026-08-12 21:21:57.656] [74336] [HailoRT] [error] [hef.cpp:333] [create] Failed creating HEF
[2026-08-12 21:21:57.656] [74336] [HailoRT] [error] [hef.cpp:168] [create] CHECK_SUCCESS failed with status=HAILO_HEF_NOT_SUPPORTED(92)
[2026-08-12 21:22:41.010] [74401] [HailoRT] [info] [hef.cpp:1994] [get_network_group_and_network_name] No name was given. Addressing all networks of default network_group: yolov8n
[2026-08-12 21:32:23.965] [74572] [HailoRT] [info] [hef.cpp:1994] [get_network_group_and_network_name] No name was given. Addressing all networks of default network_group: yolov8n
[2026-08-12 21:32:23.965] [74572] [HailoRT] [info] [hef.cpp:1994] [get_network_group_and_network_name] No name was given. Addressing all networks of default network_group: yolov8n
[2026-08-12 22:25:55.332] [76422] [HailoRT] [info] [hef.cpp:1994] [get_network_group_and_network_name] No name was given. Addressing all networks of default network_group: yolov8n
[2026-08-12 22:25:55.354] [76422] [HailoRT] [info] [vdevice.cpp:535] [create] Creating vdevice with params: device_count: 1, scheduling_algorithm: NONE, multi_process_service: false
[2026-08-12 22:25:55.367] [76422] [HailoRT] [info] [device.cpp:51] [Device] OS Version: Linux 6.18.39+rpt-rpi-2712 #1 SMP PREEMPT Debian 1:6.18.39-1+rpt1 (2026-07-29) aarch64
[2026-08-12 22:25:55.367] [76422] [HailoRT] [info] [control.cpp:113] [control__parse_identify_results] firmware_version is: 4.23.0
[2026-08-12 22:25:55.367] [76422] [HailoRT] [info] [vdevice.cpp:682] [create] VDevice Infos: 0001:01:00.0
[2026-08-12 22:25:55.375] [76422] [HailoRT] [info] [internal_buffer_manager.cpp:77] [print_execution_results] Planned internal buffer memory: CMA=0 CMA-Desc=851968 Pinned=1560576. memory to edge layer usage factor is 0.78902406
[2026-08-12 22:25:55.375] [76422] [HailoRT] [info] [internal_buffer_manager.cpp:86] [print_execution_results] Default Internal buffer planner executed successfully
[2026-08-12 22:25:55.403] [76422] [HailoRT] [info] [device_internal.cpp:57] [configure] Configuring HEF took 35.852423 milliseconds
[2026-08-12 22:25:55.404] [76422] [HailoRT] [info] [vdevice.cpp:780] [configure] Configuring HEF on VDevice took 36.18095 milliseconds
[2026-08-12 22:25:55.404] [76422] [HailoRT] [info] [core_op.cpp:156] [activate] Activating yolov8n took 0.656314 milliseconds. Note that the function is asynchronous and thus the network is not fully activated yet.
[2026-08-12 22:25:55.404] [76422] [HailoRT] [info] [core_op.cpp:156] [activate] Activating yolov8n took 0.667499 milliseconds. Note that the function is asynchronous and thus the network is not fully activated yet.
[2026-08-12 22:25:55.405] [76422] [HailoRT] [info] [edge_elements.cpp:52] [create] Created (HwWriteEl3yolov8n/input_layer1 | hw_frame_size: 1228800)
[2026-08-12 22:25:55.405] [76422] [HailoRT] [info] [queue_elements.cpp:284] [create] Created (PushQEl3yolov8n/input_layer1 | timeout: 10s)
[2026-08-12 22:25:55.405] [76422] [HailoRT] [info] [filter_elements.cpp:101] [create] Created (PreInferEl3yolov8n/input_layer1 | Reorder - src_order: NHWC, src_shape: (640, 640, 3), dst_order: NHCW, dst_shape: (640, 640, 3))
[2026-08-12 22:25:55.405] [76422] [HailoRT] [info] [vstream.cpp:754] [InputVStreamImpl] Creating yolov8n/input_layer1...
[2026-08-12 22:25:55.405] [76422] [HailoRT] [info] [vstream_builder.cpp:102] [create_inputs] Input pipeline 'yolov8n/input_layer1': (PreInferEl3yolov8n/input_layer1 | Reorder - src_order: NHWC, src_shape: (640, 640, 3), dst_order: NHCW, dst_shape: (640, 640, 3)) >> (PushQEl3yolov8n/input_layer1 | timeout: 10s) >> (HwWriteEl3yolov8n/input_layer1 | hw_frame_size: 1228800) >> HW
[2026-08-12 22:25:55.405] [76422] [HailoRT] [info] [multi_io_elements.cpp:135] [create] Created (NmsPPMuxEl0YOLOV8-Post-Process | Op YOLOV8, Name: YOLOV8-Post-Process, Score threshold: 0.200, IoU threshold: 0.70, Classes: 80, Max bboxes per class: 100, Image height: 640, Image width: 640)
[2026-08-12 22:25:55.405] [76422] [HailoRT] [info] [edge_elements.cpp:287] [create] Created (HwReadEl3yolov8n/conv41_97 | hw_frame_size: 409600)
[2026-08-12 22:25:55.405] [76422] [HailoRT] [info] [queue_elements.cpp:657] [create] Created (PullQEl_nms3yolov8n/conv41_97 | timeout: 10s)
[2026-08-12 22:25:55.405] [76422] [HailoRT] [info] [edge_elements.cpp:287] [create] Created (HwReadEl2yolov8n/conv42_97 | hw_frame_size: 512000)
[2026-08-12 22:25:55.405] [76422] [HailoRT] [info] [queue_elements.cpp:657] [create] Created (PullQEl_nms2yolov8n/conv42_97 | timeout: 10s)
[2026-08-12 22:25:55.405] [76422] [HailoRT] [info] [edge_elements.cpp:287] [create] Created (HwReadEl1yolov8n/conv52_97 | hw_frame_size: 102400)
[2026-08-12 22:25:55.405] [76422] [HailoRT] [info] [queue_elements.cpp:657] [create] Created (PullQEl_nms1yolov8n/conv52_97 | timeout: 10s)
[2026-08-12 22:25:55.405] [76422] [HailoRT] [info] [edge_elements.cpp:287] [create] Created (HwReadEl0yolov8n/conv53_97 | hw_frame_size: 128000)
[2026-08-12 22:25:55.405] [76422] [HailoRT] [info] [queue_elements.cpp:657] [create] Created (PullQEl_nms0yolov8n/conv53_97 | timeout: 10s)
[2026-08-12 22:25:55.405] [76422] [HailoRT] [info] [edge_elements.cpp:287] [create] Created (HwReadEl3yolov8n/conv62_97 | hw_frame_size: 30720)
[2026-08-12 22:25:55.405] [76422] [HailoRT] [info] [queue_elements.cpp:657] [create] Created (PullQEl_nms3yolov8n/conv62_97 | timeout: 10s)
[2026-08-12 22:25:55.405] [76422] [HailoRT] [info] [edge_elements.cpp:287] [create] Created (HwReadEl2yolov8n/conv63_97 | hw_frame_size: 38400)
[2026-08-12 22:25:55.405] [76422] [HailoRT] [info] [queue_elements.cpp:657] [create] Created (PullQEl_nms2yolov8n/conv63_97 | timeout: 10s)
[2026-08-12 22:25:55.406] [76422] [HailoRT] [info] [queue_elements.cpp:800] [create] Created (UserBufQEl_post_infer0yolov8n/yolov8_nms_postprocess | timeout: 10s)
[2026-08-12 22:25:55.406] [76422] [HailoRT] [info] [vstream.cpp:1114] [OutputVStreamImpl] Creating yolov8n/yolov8_nms_postprocess...
[2026-08-12 22:25:55.406] [76422] [HailoRT] [info] [vstream_builder.cpp:622] [create_output_post_process_nms] Output pipeline 'yolov8n/yolov8_nms_postprocess': HW >> (HwReadEl3yolov8n/conv41_97 | hw_frame_size: 409600) >> (PullQEl_nms3yolov8n/conv41_97) >> (HwReadEl2yolov8n/conv42_97 | hw_frame_size: 512000) >> (PullQEl_nms2yolov8n/conv42_97) >> (HwReadEl1yolov8n/conv52_97 | hw_frame_size: 102400) >> (PullQEl_nms1yolov8n/conv52_97) >> (HwReadEl0yolov8n/conv53_97 | hw_frame_size: 128000) >> (PullQEl_nms0yolov8n/conv53_97) >> (HwReadEl3yolov8n/conv62_97 | hw_frame_size: 30720) >> (PullQEl_nms3yolov8n/conv62_97) >> (HwReadEl2yolov8n/conv63_97 | hw_frame_size: 38400) >> (PullQEl_nms2yolov8n/conv63_97) >> (NmsPPMuxEl0YOLOV8-Post-Process | Op YOLOV8, Name: YOLOV8-Post-Process, Score threshold: 0.200, IoU threshold: 0.70, Classes: 80, Max bboxes per class: 100, Image height: 640, Image width: 640) >> (UserBufQEl_post_infer0yolov8n/yolov8_nms_postprocess | timeout: 10s)
[2026-08-12 22:25:55.419] [76437] [HailoRT] [info] [vdevice_native_stream.cpp:331] [read_impl] Failed read from stream HAILO_STREAM_ABORT(63) (device: 0001:01:00.0)
[2026-08-12 22:25:55.419] [76438] [HailoRT] [info] [vdevice_native_stream.cpp:331] [read_impl] Failed read from stream HAILO_STREAM_ABORT(63) (device: 0001:01:00.0)
[2026-08-12 22:25:55.419] [76438] [HailoRT] [info] [edge_elements.cpp:396] [run_pull] Reading from stream was aborted!
[2026-08-12 22:25:55.419] [76440] [HailoRT] [info] [vdevice_native_stream.cpp:331] [read_impl] Failed read from stream HAILO_STREAM_ABORT(63) (device: 0001:01:00.0)
[2026-08-12 22:25:55.419] [76437] [HailoRT] [info] [edge_elements.cpp:396] [run_pull] Reading from stream was aborted!
[2026-08-12 22:25:55.419] [76440] [HailoRT] [info] [edge_elements.cpp:396] [run_pull] Reading from stream was aborted!
[2026-08-12 22:25:55.420] [76440] [HailoRT] [info] [queue_elements.cpp:738] [run_in_thread] run_pull of queue element PullQEl_nms2yolov8n/conv63_97 was aborted!
[2026-08-12 22:25:55.419] [76438] [HailoRT] [info] [queue_elements.cpp:738] [run_in_thread] run_pull of queue element PullQEl_nms0yolov8n/conv53_97 was aborted!
[2026-08-12 22:25:55.419] [76437] [HailoRT] [info] [queue_elements.cpp:738] [run_in_thread] run_pull of queue element PullQEl_nms1yolov8n/conv52_97 was aborted!
[2026-08-12 22:25:55.419] [76435] [HailoRT] [info] [vdevice_native_stream.cpp:331] [read_impl] Failed read from stream HAILO_STREAM_ABORT(63) (device: 0001:01:00.0)
[2026-08-12 22:25:55.420] [76435] [HailoRT] [info] [edge_elements.cpp:396] [run_pull] Reading from stream was aborted!
[2026-08-12 22:25:55.420] [76435] [HailoRT] [info] [queue_elements.cpp:738] [run_in_thread] run_pull of queue element PullQEl_nms3yolov8n/conv41_97 was aborted!
[2026-08-12 22:25:55.420] [76439] [HailoRT] [info] [vdevice_native_stream.cpp:331] [read_impl] Failed read from stream HAILO_STREAM_ABORT(63) (device: 0001:01:00.0)
[2026-08-12 22:25:55.420] [76439] [HailoRT] [info] [edge_elements.cpp:396] [run_pull] Reading from stream was aborted!
[2026-08-12 22:25:55.421] [76439] [HailoRT] [info] [queue_elements.cpp:738] [run_in_thread] run_pull of queue element PullQEl_nms3yolov8n/conv62_97 was aborted!
[2026-08-12 22:25:55.421] [76436] [HailoRT] [info] [vdevice_native_stream.cpp:331] [read_impl] Failed read from stream HAILO_STREAM_ABORT(63) (device: 0001:01:00.0)
[2026-08-12 22:25:55.421] [76436] [HailoRT] [info] [edge_elements.cpp:396] [run_pull] Reading from stream was aborted!
[2026-08-12 22:25:55.421] [76436] [HailoRT] [info] [queue_elements.cpp:738] [run_in_thread] run_pull of queue element PullQEl_nms2yolov8n/conv42_97 was aborted!
[2026-08-12 22:25:55.422] [76441] [HailoRT] [info] [queue_elements.cpp:68] [operator()] Thread in element UserBufQEl_post_infer0yolov8n/yolov8_nms_postprocess is not running anymore, exiting..
[2026-08-12 22:25:55.422] [76422] [HailoRT] [info] [queue_elements.cpp:46] [~BaseQueueElement] Queue element UserBufQEl_post_infer0yolov8n/yolov8_nms_postprocess has 0 frames in his Queue on destruction
[2026-08-12 22:25:55.422] [76440] [HailoRT] [info] [queue_elements.cpp:68] [operator()] Thread in element PullQEl_nms2yolov8n/conv63_97 is not running anymore, exiting..
[2026-08-12 22:25:55.422] [76422] [HailoRT] [info] [queue_elements.cpp:46] [~BaseQueueElement] Queue element PullQEl_nms2yolov8n/conv63_97 has 0 frames in his Queue on destruction
[2026-08-12 22:25:55.422] [76439] [HailoRT] [info] [queue_elements.cpp:68] [operator()] Thread in element PullQEl_nms3yolov8n/conv62_97 is not running anymore, exiting..
[2026-08-12 22:25:55.422] [76422] [HailoRT] [info] [queue_elements.cpp:46] [~BaseQueueElement] Queue element PullQEl_nms3yolov8n/conv62_97 has 0 frames in his Queue on destruction
[2026-08-12 22:25:55.423] [76438] [HailoRT] [info] [queue_elements.cpp:68] [operator()] Thread in element PullQEl_nms0yolov8n/conv53_97 is not running anymore, exiting..
[2026-08-12 22:25:55.423] [76422] [HailoRT] [info] [queue_elements.cpp:46] [~BaseQueueElement] Queue element PullQEl_nms0yolov8n/conv53_97 has 0 frames in his Queue on destruction
[2026-08-12 22:25:55.423] [76437] [HailoRT] [info] [queue_elements.cpp:68] [operator()] Thread in element PullQEl_nms1yolov8n/conv52_97 is not running anymore, exiting..
[2026-08-12 22:25:55.423] [76422] [HailoRT] [info] [queue_elements.cpp:46] [~BaseQueueElement] Queue element PullQEl_nms1yolov8n/conv52_97 has 0 frames in his Queue on destruction
[2026-08-12 22:25:55.423] [76436] [HailoRT] [info] [queue_elements.cpp:68] [operator()] Thread in element PullQEl_nms2yolov8n/conv42_97 is not running anymore, exiting..
[2026-08-12 22:25:55.423] [76422] [HailoRT] [info] [queue_elements.cpp:46] [~BaseQueueElement] Queue element PullQEl_nms2yolov8n/conv42_97 has 0 frames in his Queue on destruction
[2026-08-12 22:25:55.424] [76435] [HailoRT] [info] [queue_elements.cpp:68] [operator()] Thread in element PullQEl_nms3yolov8n/conv41_97 is not running anymore, exiting..
[2026-08-12 22:25:55.424] [76422] [HailoRT] [info] [queue_elements.cpp:46] [~BaseQueueElement] Queue element PullQEl_nms3yolov8n/conv41_97 has 0 frames in his Queue on destruction
[2026-08-12 22:25:55.425] [76434] [HailoRT] [info] [queue_elements.cpp:68] [operator()] Thread in element PushQEl3yolov8n/input_layer1 is not running anymore, exiting..
[2026-08-12 22:25:55.426] [76422] [HailoRT] [info] [queue_elements.cpp:46] [~BaseQueueElement] Queue element PushQEl3yolov8n/input_layer1 has 0 frames in his Queue on destruction
[2026-08-12 22:25:55.426] [76422] [HailoRT] [info] [core_op.cpp:186] [deactivate] Deactivating took 0.496384 ms
[2026-08-12 22:25:55.426] [76422] [HailoRT] [info] [core_op.cpp:186] [deactivate] Deactivating took 0.557256 ms
[2026-08-12 22:28:19.674] [76537] [HailoRT] [info] [hef.cpp:1994] [get_network_group_and_network_name] No name was given. Addressing all networks of default network_group: yolov8n
[2026-08-12 22:28:19.694] [76537] [HailoRT] [info] [vdevice.cpp:535] [create] Creating vdevice with params: device_count: 1, scheduling_algorithm: NONE, multi_process_service: false
[2026-08-12 22:28:19.706] [76537] [HailoRT] [info] [device.cpp:51] [Device] OS Version: Linux 6.18.39+rpt-rpi-2712 #1 SMP PREEMPT Debian 1:6.18.39-1+rpt1 (2026-07-29) aarch64
[2026-08-12 22:28:19.706] [76537] [HailoRT] [info] [control.cpp:113] [control__parse_identify_results] firmware_version is: 4.23.0
[2026-08-12 22:28:19.706] [76537] [HailoRT] [info] [vdevice.cpp:682] [create] VDevice Infos: 0001:01:00.0
[2026-08-12 22:28:19.713] [76537] [HailoRT] [info] [internal_buffer_manager.cpp:77] [print_execution_results] Planned internal buffer memory: CMA=0 CMA-Desc=851968 Pinned=1560576. memory to edge layer usage factor is 0.78902406
[2026-08-12 22:28:19.713] [76537] [HailoRT] [info] [internal_buffer_manager.cpp:86] [print_execution_results] Default Internal buffer planner executed successfully
[2026-08-12 22:28:19.738] [76537] [HailoRT] [info] [device_internal.cpp:57] [configure] Configuring HEF took 31.803034 milliseconds
[2026-08-12 22:28:19.739] [76537] [HailoRT] [info] [vdevice.cpp:780] [configure] Configuring HEF on VDevice took 32.130317 milliseconds
[2026-08-12 22:28:19.739] [76537] [HailoRT] [info] [core_op.cpp:156] [activate] Activating yolov8n took 0.662512 milliseconds. Note that the function is asynchronous and thus the network is not fully activated yet.
[2026-08-12 22:28:19.739] [76537] [HailoRT] [info] [core_op.cpp:156] [activate] Activating yolov8n took 0.673454 milliseconds. Note that the function is asynchronous and thus the network is not fully activated yet.
[2026-08-12 22:28:19.740] [76537] [HailoRT] [info] [edge_elements.cpp:52] [create] Created (HwWriteEl3yolov8n/input_layer1 | hw_frame_size: 1228800)
[2026-08-12 22:28:19.740] [76537] [HailoRT] [info] [queue_elements.cpp:284] [create] Created (PushQEl3yolov8n/input_layer1 | timeout: 10s)
[2026-08-12 22:28:19.740] [76537] [HailoRT] [info] [filter_elements.cpp:101] [create] Created (PreInferEl3yolov8n/input_layer1 | Reorder - src_order: NHWC, src_shape: (640, 640, 3), dst_order: NHCW, dst_shape: (640, 640, 3))
[2026-08-12 22:28:19.740] [76537] [HailoRT] [info] [vstream.cpp:754] [InputVStreamImpl] Creating yolov8n/input_layer1...
[2026-08-12 22:28:19.740] [76537] [HailoRT] [info] [vstream_builder.cpp:102] [create_inputs] Input pipeline 'yolov8n/input_layer1': (PreInferEl3yolov8n/input_layer1 | Reorder - src_order: NHWC, src_shape: (640, 640, 3), dst_order: NHCW, dst_shape: (640, 640, 3)) >> (PushQEl3yolov8n/input_layer1 | timeout: 10s) >> (HwWriteEl3yolov8n/input_layer1 | hw_frame_size: 1228800) >> HW
[2026-08-12 22:28:19.740] [76537] [HailoRT] [info] [multi_io_elements.cpp:135] [create] Created (NmsPPMuxEl0YOLOV8-Post-Process | Op YOLOV8, Name: YOLOV8-Post-Process, Score threshold: 0.200, IoU threshold: 0.70, Classes: 80, Max bboxes per class: 100, Image height: 640, Image width: 640)
[2026-08-12 22:28:19.740] [76537] [HailoRT] [info] [edge_elements.cpp:287] [create] Created (HwReadEl3yolov8n/conv41_97 | hw_frame_size: 409600)
[2026-08-12 22:28:19.740] [76537] [HailoRT] [info] [queue_elements.cpp:657] [create] Created (PullQEl_nms3yolov8n/conv41_97 | timeout: 10s)
[2026-08-12 22:28:19.740] [76537] [HailoRT] [info] [edge_elements.cpp:287] [create] Created (HwReadEl2yolov8n/conv42_97 | hw_frame_size: 512000)
[2026-08-12 22:28:19.740] [76537] [HailoRT] [info] [queue_elements.cpp:657] [create] Created (PullQEl_nms2yolov8n/conv42_97 | timeout: 10s)
[2026-08-12 22:28:19.740] [76537] [HailoRT] [info] [edge_elements.cpp:287] [create] Created (HwReadEl1yolov8n/conv52_97 | hw_frame_size: 102400)
[2026-08-12 22:28:19.740] [76537] [HailoRT] [info] [queue_elements.cpp:657] [create] Created (PullQEl_nms1yolov8n/conv52_97 | timeout: 10s)
[2026-08-12 22:28:19.740] [76537] [HailoRT] [info] [edge_elements.cpp:287] [create] Created (HwReadEl0yolov8n/conv53_97 | hw_frame_size: 128000)
[2026-08-12 22:28:19.740] [76537] [HailoRT] [info] [queue_elements.cpp:657] [create] Created (PullQEl_nms0yolov8n/conv53_97 | timeout: 10s)
[2026-08-12 22:28:19.740] [76537] [HailoRT] [info] [edge_elements.cpp:287] [create] Created (HwReadEl3yolov8n/conv62_97 | hw_frame_size: 30720)
[2026-08-12 22:28:19.740] [76537] [HailoRT] [info] [queue_elements.cpp:657] [create] Created (PullQEl_nms3yolov8n/conv62_97 | timeout: 10s)
[2026-08-12 22:28:19.740] [76537] [HailoRT] [info] [edge_elements.cpp:287] [create] Created (HwReadEl2yolov8n/conv63_97 | hw_frame_size: 38400)
[2026-08-12 22:28:19.740] [76537] [HailoRT] [info] [queue_elements.cpp:657] [create] Created (PullQEl_nms2yolov8n/conv63_97 | timeout: 10s)
[2026-08-12 22:28:19.740] [76537] [HailoRT] [info] [queue_elements.cpp:800] [create] Created (UserBufQEl_post_infer0yolov8n/yolov8_nms_postprocess | timeout: 10s)
[2026-08-12 22:28:19.741] [76537] [HailoRT] [info] [vstream.cpp:1114] [OutputVStreamImpl] Creating yolov8n/yolov8_nms_postprocess...
[2026-08-12 22:28:19.741] [76537] [HailoRT] [info] [vstream_builder.cpp:622] [create_output_post_process_nms] Output pipeline 'yolov8n/yolov8_nms_postprocess': HW >> (HwReadEl3yolov8n/conv41_97 | hw_frame_size: 409600) >> (PullQEl_nms3yolov8n/conv41_97) >> (HwReadEl2yolov8n/conv42_97 | hw_frame_size: 512000) >> (PullQEl_nms2yolov8n/conv42_97) >> (HwReadEl1yolov8n/conv52_97 | hw_frame_size: 102400) >> (PullQEl_nms1yolov8n/conv52_97) >> (HwReadEl0yolov8n/conv53_97 | hw_frame_size: 128000) >> (PullQEl_nms0yolov8n/conv53_97) >> (HwReadEl3yolov8n/conv62_97 | hw_frame_size: 30720) >> (PullQEl_nms3yolov8n/conv62_97) >> (HwReadEl2yolov8n/conv63_97 | hw_frame_size: 38400) >> (PullQEl_nms2yolov8n/conv63_97) >> (NmsPPMuxEl0YOLOV8-Post-Process | Op YOLOV8, Name: YOLOV8-Post-Process, Score threshold: 0.200, IoU threshold: 0.70, Classes: 80, Max bboxes per class: 100, Image height: 640, Image width: 640) >> (UserBufQEl_post_infer0yolov8n/yolov8_nms_postprocess | timeout: 10s)
[2026-08-12 22:28:19.754] [76550] [HailoRT] [info] [vdevice_native_stream.cpp:331] [read_impl] Failed read from stream HAILO_STREAM_ABORT(63) (device: 0001:01:00.0)
[2026-08-12 22:28:19.754] [76552] [HailoRT] [info] [vdevice_native_stream.cpp:331] [read_impl] Failed read from stream HAILO_STREAM_ABORT(63) (device: 0001:01:00.0)
[2026-08-12 22:28:19.754] [76552] [HailoRT] [info] [edge_elements.cpp:396] [run_pull] Reading from stream was aborted!
[2026-08-12 22:28:19.754] [76551] [HailoRT] [info] [vdevice_native_stream.cpp:331] [read_impl] Failed read from stream HAILO_STREAM_ABORT(63) (device: 0001:01:00.0)
[2026-08-12 22:28:19.754] [76552] [HailoRT] [info] [queue_elements.cpp:738] [run_in_thread] run_pull of queue element PullQEl_nms1yolov8n/conv52_97 was aborted!
[2026-08-12 22:28:19.754] [76551] [HailoRT] [info] [edge_elements.cpp:396] [run_pull] Reading from stream was aborted!
[2026-08-12 22:28:19.754] [76554] [HailoRT] [info] [vdevice_native_stream.cpp:331] [read_impl] Failed read from stream HAILO_STREAM_ABORT(63) (device: 0001:01:00.0)
[2026-08-12 22:28:19.754] [76554] [HailoRT] [info] [edge_elements.cpp:396] [run_pull] Reading from stream was aborted!
[2026-08-12 22:28:19.754] [76550] [HailoRT] [info] [edge_elements.cpp:396] [run_pull] Reading from stream was aborted!
[2026-08-12 22:28:19.754] [76554] [HailoRT] [info] [queue_elements.cpp:738] [run_in_thread] run_pull of queue element PullQEl_nms3yolov8n/conv62_97 was aborted!
[2026-08-12 22:28:19.754] [76553] [HailoRT] [info] [vdevice_native_stream.cpp:331] [read_impl] Failed read from stream HAILO_STREAM_ABORT(63) (device: 0001:01:00.0)
[2026-08-12 22:28:19.754] [76550] [HailoRT] [info] [queue_elements.cpp:738] [run_in_thread] run_pull of queue element PullQEl_nms3yolov8n/conv41_97 was aborted!
[2026-08-12 22:28:19.754] [76553] [HailoRT] [info] [edge_elements.cpp:396] [run_pull] Reading from stream was aborted!
[2026-08-12 22:28:19.754] [76555] [HailoRT] [info] [vdevice_native_stream.cpp:331] [read_impl] Failed read from stream HAILO_STREAM_ABORT(63) (device: 0001:01:00.0)
[2026-08-12 22:28:19.754] [76555] [HailoRT] [info] [edge_elements.cpp:396] [run_pull] Reading from stream was aborted!
[2026-08-12 22:28:19.754] [76553] [HailoRT] [info] [queue_elements.cpp:738] [run_in_thread] run_pull of queue element PullQEl_nms0yolov8n/conv53_97 was aborted!
[2026-08-12 22:28:19.754] [76555] [HailoRT] [info] [queue_elements.cpp:738] [run_in_thread] run_pull of queue element PullQEl_nms2yolov8n/conv63_97 was aborted!
[2026-08-12 22:28:19.754] [76551] [HailoRT] [info] [queue_elements.cpp:738] [run_in_thread] run_pull of queue element PullQEl_nms2yolov8n/conv42_97 was aborted!
[2026-08-12 22:28:19.754] [76556] [HailoRT] [info] [queue_elements.cpp:68] [operator()] Thread in element UserBufQEl_post_infer0yolov8n/yolov8_nms_postprocess is not running anymore, exiting..
[2026-08-12 22:28:19.754] [76537] [HailoRT] [info] [queue_elements.cpp:46] [~BaseQueueElement] Queue element UserBufQEl_post_infer0yolov8n/yolov8_nms_postprocess has 0 frames in his Queue on destruction
[2026-08-12 22:28:19.754] [76555] [HailoRT] [info] [queue_elements.cpp:68] [operator()] Thread in element PullQEl_nms2yolov8n/conv63_97 is not running anymore, exiting..
[2026-08-12 22:28:19.754] [76537] [HailoRT] [info] [queue_elements.cpp:46] [~BaseQueueElement] Queue element PullQEl_nms2yolov8n/conv63_97 has 0 frames in his Queue on destruction
[2026-08-12 22:28:19.754] [76554] [HailoRT] [info] [queue_elements.cpp:68] [operator()] Thread in element PullQEl_nms3yolov8n/conv62_97 is not running anymore, exiting..
[2026-08-12 22:28:19.754] [76537] [HailoRT] [info] [queue_elements.cpp:46] [~BaseQueueElement] Queue element PullQEl_nms3yolov8n/conv62_97 has 0 frames in his Queue on destruction
[2026-08-12 22:28:19.754] [76553] [HailoRT] [info] [queue_elements.cpp:68] [operator()] Thread in element PullQEl_nms0yolov8n/conv53_97 is not running anymore, exiting..
[2026-08-12 22:28:19.754] [76537] [HailoRT] [info] [queue_elements.cpp:46] [~BaseQueueElement] Queue element PullQEl_nms0yolov8n/conv53_97 has 0 frames in his Queue on destruction
[2026-08-12 22:28:19.754] [76552] [HailoRT] [info] [queue_elements.cpp:68] [operator()] Thread in element PullQEl_nms1yolov8n/conv52_97 is not running anymore, exiting..
[2026-08-12 22:28:19.754] [76537] [HailoRT] [info] [queue_elements.cpp:46] [~BaseQueueElement] Queue element PullQEl_nms1yolov8n/conv52_97 has 0 frames in his Queue on destruction
[2026-08-12 22:28:19.754] [76551] [HailoRT] [info] [queue_elements.cpp:68] [operator()] Thread in element PullQEl_nms2yolov8n/conv42_97 is not running anymore, exiting..
[2026-08-12 22:28:19.754] [76537] [HailoRT] [info] [queue_elements.cpp:46] [~BaseQueueElement] Queue element PullQEl_nms2yolov8n/conv42_97 has 0 frames in his Queue on destruction
[2026-08-12 22:28:19.754] [76550] [HailoRT] [info] [queue_elements.cpp:68] [operator()] Thread in element PullQEl_nms3yolov8n/conv41_97 is not running anymore, exiting..
[2026-08-12 22:28:19.754] [76537] [HailoRT] [info] [queue_elements.cpp:46] [~BaseQueueElement] Queue element PullQEl_nms3yolov8n/conv41_97 has 0 frames in his Queue on destruction
[2026-08-12 22:28:19.754] [76549] [HailoRT] [info] [queue_elements.cpp:68] [operator()] Thread in element PushQEl3yolov8n/input_layer1 is not running anymore, exiting..
[2026-08-12 22:28:19.754] [76537] [HailoRT] [info] [queue_elements.cpp:46] [~BaseQueueElement] Queue element PushQEl3yolov8n/input_layer1 has 0 frames in his Queue on destruction
[2026-08-12 22:28:19.755] [76537] [HailoRT] [info] [core_op.cpp:186] [deactivate] Deactivating took 0.421085 ms
[2026-08-12 22:28:19.755] [76537] [HailoRT] [info] [core_op.cpp:186] [deactivate] Deactivating took 0.441378 ms
[2026-08-12 22:29:15.029] [76625] [HailoRT] [info] [hef.cpp:1994] [get_network_group_and_network_name] No name was given. Addressing all networks of default network_group: yolov8n
[2026-08-12 22:29:15.055] [76625] [HailoRT] [info] [vdevice.cpp:535] [create] Creating vdevice with params: device_count: 1, scheduling_algorithm: NONE, multi_process_service: false
[2026-08-12 22:29:15.067] [76625] [HailoRT] [info] [device.cpp:51] [Device] OS Version: Linux 6.18.39+rpt-rpi-2712 #1 SMP PREEMPT Debian 1:6.18.39-1+rpt1 (2026-07-29) aarch64
[2026-08-12 22:29:15.067] [76625] [HailoRT] [info] [control.cpp:113] [control__parse_identify_results] firmware_version is: 4.23.0
[2026-08-12 22:29:15.067] [76625] [HailoRT] [info] [vdevice.cpp:682] [create] VDevice Infos: 0001:01:00.0
[2026-08-12 22:29:15.075] [76625] [HailoRT] [info] [internal_buffer_manager.cpp:77] [print_execution_results] Planned internal buffer memory: CMA=0 CMA-Desc=851968 Pinned=1560576. memory to edge layer usage factor is 0.78902406
[2026-08-12 22:29:15.075] [76625] [HailoRT] [info] [internal_buffer_manager.cpp:86] [print_execution_results] Default Internal buffer planner executed successfully
[2026-08-12 22:29:15.123] [76625] [HailoRT] [info] [device_internal.cpp:57] [configure] Configuring HEF took 55.650911 milliseconds
[2026-08-12 22:29:15.123] [76625] [HailoRT] [info] [vdevice.cpp:780] [configure] Configuring HEF on VDevice took 55.993255 milliseconds
[2026-08-12 22:29:15.124] [76625] [HailoRT] [info] [core_op.cpp:156] [activate] Activating yolov8n took 0.687352 milliseconds. Note that the function is asynchronous and thus the network is not fully activated yet.
[2026-08-12 22:29:15.124] [76625] [HailoRT] [info] [core_op.cpp:156] [activate] Activating yolov8n took 0.70322 milliseconds. Note that the function is asynchronous and thus the network is not fully activated yet.
[2026-08-12 22:29:15.124] [76625] [HailoRT] [info] [edge_elements.cpp:52] [create] Created (HwWriteEl3yolov8n/input_layer1 | hw_frame_size: 1228800)
[2026-08-12 22:29:15.125] [76625] [HailoRT] [info] [queue_elements.cpp:284] [create] Created (PushQEl3yolov8n/input_layer1 | timeout: 10s)
[2026-08-12 22:29:15.125] [76625] [HailoRT] [info] [filter_elements.cpp:101] [create] Created (PreInferEl3yolov8n/input_layer1 | Reorder - src_order: NHWC, src_shape: (640, 640, 3), dst_order: NHCW, dst_shape: (640, 640, 3))
[2026-08-12 22:29:15.125] [76625] [HailoRT] [info] [vstream.cpp:754] [InputVStreamImpl] Creating yolov8n/input_layer1...
[2026-08-12 22:29:15.125] [76625] [HailoRT] [info] [vstream_builder.cpp:102] [create_inputs] Input pipeline 'yolov8n/input_layer1': (PreInferEl3yolov8n/input_layer1 | Reorder - src_order: NHWC, src_shape: (640, 640, 3), dst_order: NHCW, dst_shape: (640, 640, 3)) >> (PushQEl3yolov8n/input_layer1 | timeout: 10s) >> (HwWriteEl3yolov8n/input_layer1 | hw_frame_size: 1228800) >> HW
[2026-08-12 22:29:15.125] [76625] [HailoRT] [info] [multi_io_elements.cpp:135] [create] Created (NmsPPMuxEl0YOLOV8-Post-Process | Op YOLOV8, Name: YOLOV8-Post-Process, Score threshold: 0.200, IoU threshold: 0.70, Classes: 80, Max bboxes per class: 100, Image height: 640, Image width: 640)
[2026-08-12 22:29:15.125] [76625] [HailoRT] [info] [edge_elements.cpp:287] [create] Created (HwReadEl3yolov8n/conv41_97 | hw_frame_size: 409600)
[2026-08-12 22:29:15.125] [76625] [HailoRT] [info] [queue_elements.cpp:657] [create] Created (PullQEl_nms3yolov8n/conv41_97 | timeout: 10s)
[2026-08-12 22:29:15.125] [76625] [HailoRT] [info] [edge_elements.cpp:287] [create] Created (HwReadEl2yolov8n/conv42_97 | hw_frame_size: 512000)
[2026-08-12 22:29:15.125] [76625] [HailoRT] [info] [queue_elements.cpp:657] [create] Created (PullQEl_nms2yolov8n/conv42_97 | timeout: 10s)
[2026-08-12 22:29:15.125] [76625] [HailoRT] [info] [edge_elements.cpp:287] [create] Created (HwReadEl1yolov8n/conv52_97 | hw_frame_size: 102400)
[2026-08-12 22:29:15.125] [76625] [HailoRT] [info] [queue_elements.cpp:657] [create] Created (PullQEl_nms1yolov8n/conv52_97 | timeout: 10s)
[2026-08-12 22:29:15.125] [76625] [HailoRT] [info] [edge_elements.cpp:287] [create] Created (HwReadEl0yolov8n/conv53_97 | hw_frame_size: 128000)
[2026-08-12 22:29:15.126] [76625] [HailoRT] [info] [queue_elements.cpp:657] [create] Created (PullQEl_nms0yolov8n/conv53_97 | timeout: 10s)
[2026-08-12 22:29:15.126] [76625] [HailoRT] [info] [edge_elements.cpp:287] [create] Created (HwReadEl3yolov8n/conv62_97 | hw_frame_size: 30720)
[2026-08-12 22:29:15.126] [76625] [HailoRT] [info] [queue_elements.cpp:657] [create] Created (PullQEl_nms3yolov8n/conv62_97 | timeout: 10s)
[2026-08-12 22:29:15.126] [76625] [HailoRT] [info] [edge_elements.cpp:287] [create] Created (HwReadEl2yolov8n/conv63_97 | hw_frame_size: 38400)
[2026-08-12 22:29:15.126] [76625] [HailoRT] [info] [queue_elements.cpp:657] [create] Created (PullQEl_nms2yolov8n/conv63_97 | timeout: 10s)
[2026-08-12 22:29:15.127] [76625] [HailoRT] [info] [queue_elements.cpp:800] [create] Created (UserBufQEl_post_infer0yolov8n/yolov8_nms_postprocess | timeout: 10s)
[2026-08-12 22:29:15.127] [76625] [HailoRT] [info] [vstream.cpp:1114] [OutputVStreamImpl] Creating yolov8n/yolov8_nms_postprocess...
[2026-08-12 22:29:15.127] [76625] [HailoRT] [info] [vstream_builder.cpp:622] [create_output_post_process_nms] Output pipeline 'yolov8n/yolov8_nms_postprocess': HW >> (HwReadEl3yolov8n/conv41_97 | hw_frame_size: 409600) >> (PullQEl_nms3yolov8n/conv41_97) >> (HwReadEl2yolov8n/conv42_97 | hw_frame_size: 512000) >> (PullQEl_nms2yolov8n/conv42_97) >> (HwReadEl1yolov8n/conv52_97 | hw_frame_size: 102400) >> (PullQEl_nms1yolov8n/conv52_97) >> (HwReadEl0yolov8n/conv53_97 | hw_frame_size: 128000) >> (PullQEl_nms0yolov8n/conv53_97) >> (HwReadEl3yolov8n/conv62_97 | hw_frame_size: 30720) >> (PullQEl_nms3yolov8n/conv62_97) >> (HwReadEl2yolov8n/conv63_97 | hw_frame_size: 38400) >> (PullQEl_nms2yolov8n/conv63_97) >> (NmsPPMuxEl0YOLOV8-Post-Process | Op YOLOV8, Name: YOLOV8-Post-Process, Score threshold: 0.200, IoU threshold: 0.70, Classes: 80, Max bboxes per class: 100, Image height: 640, Image width: 640) >> (UserBufQEl_post_infer0yolov8n/yolov8_nms_postprocess | timeout: 10s)
[2026-08-12 22:29:15.145] [76643] [HailoRT] [info] [vdevice_native_stream.cpp:331] [read_impl] Failed read from stream HAILO_STREAM_ABORT(63) (device: 0001:01:00.0)
[2026-08-12 22:29:15.145] [76643] [HailoRT] [info] [edge_elements.cpp:396] [run_pull] Reading from stream was aborted!
[2026-08-12 22:29:15.145] [76643] [HailoRT] [info] [queue_elements.cpp:738] [run_in_thread] run_pull of queue element PullQEl_nms2yolov8n/conv63_97 was aborted!
[2026-08-12 22:29:15.145] [76642] [HailoRT] [info] [vdevice_native_stream.cpp:331] [read_impl] Failed read from stream HAILO_STREAM_ABORT(63) (device: 0001:01:00.0)
[2026-08-12 22:29:15.145] [76642] [HailoRT] [info] [edge_elements.cpp:396] [run_pull] Reading from stream was aborted!
[2026-08-12 22:29:15.145] [76642] [HailoRT] [info] [queue_elements.cpp:738] [run_in_thread] run_pull of queue element PullQEl_nms3yolov8n/conv62_97 was aborted!
[2026-08-12 22:29:15.145] [76641] [HailoRT] [info] [vdevice_native_stream.cpp:331] [read_impl] Failed read from stream HAILO_STREAM_ABORT(63) (device: 0001:01:00.0)
[2026-08-12 22:29:15.145] [76641] [HailoRT] [info] [edge_elements.cpp:396] [run_pull] Reading from stream was aborted!
[2026-08-12 22:29:15.145] [76641] [HailoRT] [info] [queue_elements.cpp:738] [run_in_thread] run_pull of queue element PullQEl_nms0yolov8n/conv53_97 was aborted!
[2026-08-12 22:29:15.145] [76640] [HailoRT] [info] [vdevice_native_stream.cpp:331] [read_impl] Failed read from stream HAILO_STREAM_ABORT(63) (device: 0001:01:00.0)
[2026-08-12 22:29:15.145] [76640] [HailoRT] [info] [edge_elements.cpp:396] [run_pull] Reading from stream was aborted!
[2026-08-12 22:29:15.145] [76640] [HailoRT] [info] [queue_elements.cpp:738] [run_in_thread] run_pull of queue element PullQEl_nms1yolov8n/conv52_97 was aborted!
[2026-08-12 22:29:15.145] [76638] [HailoRT] [info] [vdevice_native_stream.cpp:331] [read_impl] Failed read from stream HAILO_STREAM_ABORT(63) (device: 0001:01:00.0)
[2026-08-12 22:29:15.145] [76638] [HailoRT] [info] [edge_elements.cpp:396] [run_pull] Reading from stream was aborted!
[2026-08-12 22:29:15.145] [76638] [HailoRT] [info] [queue_elements.cpp:738] [run_in_thread] run_pull of queue element PullQEl_nms3yolov8n/conv41_97 was aborted!
[2026-08-12 22:29:15.145] [76639] [HailoRT] [info] [vdevice_native_stream.cpp:331] [read_impl] Failed read from stream HAILO_STREAM_ABORT(63) (device: 0001:01:00.0)
[2026-08-12 22:29:15.145] [76639] [HailoRT] [info] [edge_elements.cpp:396] [run_pull] Reading from stream was aborted!
[2026-08-12 22:29:15.145] [76639] [HailoRT] [info] [queue_elements.cpp:738] [run_in_thread] run_pull of queue element PullQEl_nms2yolov8n/conv42_97 was aborted!
[2026-08-12 22:29:15.145] [76644] [HailoRT] [info] [queue_elements.cpp:68] [operator()] Thread in element UserBufQEl_post_infer0yolov8n/yolov8_nms_postprocess is not running anymore, exiting..
[2026-08-12 22:29:15.145] [76625] [HailoRT] [info] [queue_elements.cpp:46] [~BaseQueueElement] Queue element UserBufQEl_post_infer0yolov8n/yolov8_nms_postprocess has 0 frames in his Queue on destruction
[2026-08-12 22:29:15.145] [76643] [HailoRT] [info] [queue_elements.cpp:68] [operator()] Thread in element PullQEl_nms2yolov8n/conv63_97 is not running anymore, exiting..
[2026-08-12 22:29:15.145] [76625] [HailoRT] [info] [queue_elements.cpp:46] [~BaseQueueElement] Queue element PullQEl_nms2yolov8n/conv63_97 has 0 frames in his Queue on destruction
[2026-08-12 22:29:15.145] [76642] [HailoRT] [info] [queue_elements.cpp:68] [operator()] Thread in element PullQEl_nms3yolov8n/conv62_97 is not running anymore, exiting..
[2026-08-12 22:29:15.145] [76625] [HailoRT] [info] [queue_elements.cpp:46] [~BaseQueueElement] Queue element PullQEl_nms3yolov8n/conv62_97 has 0 frames in his Queue on destruction
[2026-08-12 22:29:15.145] [76641] [HailoRT] [info] [queue_elements.cpp:68] [operator()] Thread in element PullQEl_nms0yolov8n/conv53_97 is not running anymore, exiting..
[2026-08-12 22:29:15.145] [76625] [HailoRT] [info] [queue_elements.cpp:46] [~BaseQueueElement] Queue element PullQEl_nms0yolov8n/conv53_97 has 0 frames in his Queue on destruction
[2026-08-12 22:29:15.145] [76640] [HailoRT] [info] [queue_elements.cpp:68] [operator()] Thread in element PullQEl_nms1yolov8n/conv52_97 is not running anymore, exiting..
[2026-08-12 22:29:15.145] [76625] [HailoRT] [info] [queue_elements.cpp:46] [~BaseQueueElement] Queue element PullQEl_nms1yolov8n/conv52_97 has 0 frames in his Queue on destruction
[2026-08-12 22:29:15.145] [76639] [HailoRT] [info] [queue_elements.cpp:68] [operator()] Thread in element PullQEl_nms2yolov8n/conv42_97 is not running anymore, exiting..
[2026-08-12 22:29:15.145] [76625] [HailoRT] [info] [queue_elements.cpp:46] [~BaseQueueElement] Queue element PullQEl_nms2yolov8n/conv42_97 has 0 frames in his Queue on destruction
[2026-08-12 22:29:15.145] [76638] [HailoRT] [info] [queue_elements.cpp:68] [operator()] Thread in element PullQEl_nms3yolov8n/conv41_97 is not running anymore, exiting..
[2026-08-12 22:29:15.145] [76625] [HailoRT] [info] [queue_elements.cpp:46] [~BaseQueueElement] Queue element PullQEl_nms3yolov8n/conv41_97 has 0 frames in his Queue on destruction
[2026-08-12 22:29:15.145] [76637] [HailoRT] [info] [queue_elements.cpp:68] [operator()] Thread in element PushQEl3yolov8n/input_layer1 is not running anymore, exiting..
[2026-08-12 22:29:15.145] [76625] [HailoRT] [info] [queue_elements.cpp:46] [~BaseQueueElement] Queue element PushQEl3yolov8n/input_layer1 has 0 frames in his Queue on destruction
[2026-08-12 22:29:15.146] [76625] [HailoRT] [info] [core_op.cpp:186] [deactivate] Deactivating took 0.492933 ms
[2026-08-12 22:29:15.146] [76625] [HailoRT] [info] [core_op.cpp:186] [deactivate] Deactivating took 0.524855 ms
[2026-08-12 22:45:29.268] [76742] [HailoRT] [info] [hef.cpp:1994] [get_network_group_and_network_name] No name was given. Addressing all networks of default network_group: yolov8n
[2026-08-12 22:45:29.287] [76742] [HailoRT] [info] [vdevice.cpp:535] [create] Creating vdevice with params: device_count: 1, scheduling_algorithm: NONE, multi_process_service: false
[2026-08-12 22:45:29.302] [76742] [HailoRT] [info] [device.cpp:51] [Device] OS Version: Linux 6.18.39+rpt-rpi-2712 #1 SMP PREEMPT Debian 1:6.18.39-1+rpt1 (2026-07-29) aarch64
[2026-08-12 22:45:29.302] [76742] [HailoRT] [info] [control.cpp:113] [control__parse_identify_results] firmware_version is: 4.23.0
[2026-08-12 22:45:29.302] [76742] [HailoRT] [info] [vdevice.cpp:682] [create] VDevice Infos: 0001:01:00.0
[2026-08-12 22:45:29.310] [76742] [HailoRT] [info] [internal_buffer_manager.cpp:77] [print_execution_results] Planned internal buffer memory: CMA=0 CMA-Desc=851968 Pinned=1560576. memory to edge layer usage factor is 0.78902406
[2026-08-12 22:45:29.310] [76742] [HailoRT] [info] [internal_buffer_manager.cpp:86] [print_execution_results] Default Internal buffer planner executed successfully
[2026-08-12 22:45:29.343] [76742] [HailoRT] [info] [device_internal.cpp:57] [configure] Configuring HEF took 40.296727 milliseconds
[2026-08-12 22:45:29.343] [76742] [HailoRT] [info] [vdevice.cpp:780] [configure] Configuring HEF on VDevice took 40.722887 milliseconds
[2026-08-12 22:45:29.344] [76742] [HailoRT] [info] [core_op.cpp:156] [activate] Activating yolov8n took 0.717988 milliseconds. Note that the function is asynchronous and thus the network is not fully activated yet.
[2026-08-12 22:45:29.344] [76742] [HailoRT] [info] [core_op.cpp:156] [activate] Activating yolov8n took 0.733191 milliseconds. Note that the function is asynchronous and thus the network is not fully activated yet.
[2026-08-12 22:45:29.344] [76742] [HailoRT] [info] [edge_elements.cpp:52] [create] Created (HwWriteEl3yolov8n/input_layer1 | hw_frame_size: 1228800)
[2026-08-12 22:45:29.344] [76742] [HailoRT] [info] [queue_elements.cpp:284] [create] Created (PushQEl3yolov8n/input_layer1 | timeout: 10s)
[2026-08-12 22:45:29.345] [76742] [HailoRT] [info] [filter_elements.cpp:101] [create] Created (PreInferEl3yolov8n/input_layer1 | Reorder - src_order: NHWC, src_shape: (640, 640, 3), dst_order: NHCW, dst_shape: (640, 640, 3))
[2026-08-12 22:45:29.345] [76742] [HailoRT] [info] [vstream.cpp:754] [InputVStreamImpl] Creating yolov8n/input_layer1...
[2026-08-12 22:45:29.345] [76742] [HailoRT] [info] [vstream_builder.cpp:102] [create_inputs] Input pipeline 'yolov8n/input_layer1': (PreInferEl3yolov8n/input_layer1 | Reorder - src_order: NHWC, src_shape: (640, 640, 3), dst_order: NHCW, dst_shape: (640, 640, 3)) >> (PushQEl3yolov8n/input_layer1 | timeout: 10s) >> (HwWriteEl3yolov8n/input_layer1 | hw_frame_size: 1228800) >> HW
[2026-08-12 22:45:29.345] [76742] [HailoRT] [info] [multi_io_elements.cpp:135] [create] Created (NmsPPMuxEl0YOLOV8-Post-Process | Op YOLOV8, Name: YOLOV8-Post-Process, Score threshold: 0.200, IoU threshold: 0.70, Classes: 80, Max bboxes per class: 100, Image height: 640, Image width: 640)
[2026-08-12 22:45:29.345] [76742] [HailoRT] [info] [edge_elements.cpp:287] [create] Created (HwReadEl3yolov8n/conv41_97 | hw_frame_size: 409600)
[2026-08-12 22:45:29.345] [76742] [HailoRT] [info] [queue_elements.cpp:657] [create] Created (PullQEl_nms3yolov8n/conv41_97 | timeout: 10s)
[2026-08-12 22:45:29.345] [76742] [HailoRT] [info] [edge_elements.cpp:287] [create] Created (HwReadEl2yolov8n/conv42_97 | hw_frame_size: 512000)
[2026-08-12 22:45:29.345] [76742] [HailoRT] [info] [queue_elements.cpp:657] [create] Created (PullQEl_nms2yolov8n/conv42_97 | timeout: 10s)
[2026-08-12 22:45:29.345] [76742] [HailoRT] [info] [edge_elements.cpp:287] [create] Created (HwReadEl1yolov8n/conv52_97 | hw_frame_size: 102400)
[2026-08-12 22:45:29.345] [76742] [HailoRT] [info] [queue_elements.cpp:657] [create] Created (PullQEl_nms1yolov8n/conv52_97 | timeout: 10s)
[2026-08-12 22:45:29.345] [76742] [HailoRT] [info] [edge_elements.cpp:287] [create] Created (HwReadEl0yolov8n/conv53_97 | hw_frame_size: 128000)
[2026-08-12 22:45:29.346] [76742] [HailoRT] [info] [queue_elements.cpp:657] [create] Created (PullQEl_nms0yolov8n/conv53_97 | timeout: 10s)
[2026-08-12 22:45:29.346] [76742] [HailoRT] [info] [edge_elements.cpp:287] [create] Created (HwReadEl3yolov8n/conv62_97 | hw_frame_size: 30720)
[2026-08-12 22:45:29.346] [76742] [HailoRT] [info] [queue_elements.cpp:657] [create] Created (PullQEl_nms3yolov8n/conv62_97 | timeout: 10s)
[2026-08-12 22:45:29.346] [76742] [HailoRT] [info] [edge_elements.cpp:287] [create] Created (HwReadEl2yolov8n/conv63_97 | hw_frame_size: 38400)
[2026-08-12 22:45:29.346] [76742] [HailoRT] [info] [queue_elements.cpp:657] [create] Created (PullQEl_nms2yolov8n/conv63_97 | timeout: 10s)
[2026-08-12 22:45:29.346] [76742] [HailoRT] [info] [queue_elements.cpp:800] [create] Created (UserBufQEl_post_infer0yolov8n/yolov8_nms_postprocess | timeout: 10s)
[2026-08-12 22:45:29.346] [76742] [HailoRT] [info] [vstream.cpp:1114] [OutputVStreamImpl] Creating yolov8n/yolov8_nms_postprocess...
[2026-08-12 22:45:29.346] [76742] [HailoRT] [info] [vstream_builder.cpp:622] [create_output_post_process_nms] Output pipeline 'yolov8n/yolov8_nms_postprocess': HW >> (HwReadEl3yolov8n/conv41_97 | hw_frame_size: 409600) >> (PullQEl_nms3yolov8n/conv41_97) >> (HwReadEl2yolov8n/conv42_97 | hw_frame_size: 512000) >> (PullQEl_nms2yolov8n/conv42_97) >> (HwReadEl1yolov8n/conv52_97 | hw_frame_size: 102400) >> (PullQEl_nms1yolov8n/conv52_97) >> (HwReadEl0yolov8n/conv53_97 | hw_frame_size: 128000) >> (PullQEl_nms0yolov8n/conv53_97) >> (HwReadEl3yolov8n/conv62_97 | hw_frame_size: 30720) >> (PullQEl_nms3yolov8n/conv62_97) >> (HwReadEl2yolov8n/conv63_97 | hw_frame_size: 38400) >> (PullQEl_nms2yolov8n/conv63_97) >> (NmsPPMuxEl0YOLOV8-Post-Process | Op YOLOV8, Name: YOLOV8-Post-Process, Score threshold: 0.200, IoU threshold: 0.70, Classes: 80, Max bboxes per class: 100, Image height: 640, Image width: 640) >> (UserBufQEl_post_infer0yolov8n/yolov8_nms_postprocess | timeout: 10s)
[2026-08-12 22:45:29.361] [76757] [HailoRT] [info] [vdevice_native_stream.cpp:331] [read_impl] Failed read from stream HAILO_STREAM_ABORT(63) (device: 0001:01:00.0)
[2026-08-12 22:45:29.361] [76757] [HailoRT] [info] [edge_elements.cpp:396] [run_pull] Reading from stream was aborted!
[2026-08-12 22:45:29.361] [76755] [HailoRT] [info] [vdevice_native_stream.cpp:331] [read_impl] Failed read from stream HAILO_STREAM_ABORT(63) (device: 0001:01:00.0)
[2026-08-12 22:45:29.361] [76755] [HailoRT] [info] [edge_elements.cpp:396] [run_pull] Reading from stream was aborted!
[2026-08-12 22:45:29.361] [76759] [HailoRT] [info] [vdevice_native_stream.cpp:331] [read_impl] Failed read from stream HAILO_STREAM_ABORT(63) (device: 0001:01:00.0)
[2026-08-12 22:45:29.361] [76759] [HailoRT] [info] [edge_elements.cpp:396] [run_pull] Reading from stream was aborted!
[2026-08-12 22:45:29.361] [76755] [HailoRT] [info] [queue_elements.cpp:738] [run_in_thread] run_pull of queue element PullQEl_nms3yolov8n/conv41_97 was aborted!
[2026-08-12 22:45:29.361] [76759] [HailoRT] [info] [queue_elements.cpp:738] [run_in_thread] run_pull of queue element PullQEl_nms3yolov8n/conv62_97 was aborted!
[2026-08-12 22:45:29.361] [76756] [HailoRT] [info] [vdevice_native_stream.cpp:331] [read_impl] Failed read from stream HAILO_STREAM_ABORT(63) (device: 0001:01:00.0)
[2026-08-12 22:45:29.361] [76756] [HailoRT] [info] [edge_elements.cpp:396] [run_pull] Reading from stream was aborted!
[2026-08-12 22:45:29.361] [76756] [HailoRT] [info] [queue_elements.cpp:738] [run_in_thread] run_pull of queue element PullQEl_nms2yolov8n/conv42_97 was aborted!
[2026-08-12 22:45:29.361] [76760] [HailoRT] [info] [vdevice_native_stream.cpp:331] [read_impl] Failed read from stream HAILO_STREAM_ABORT(63) (device: 0001:01:00.0)
[2026-08-12 22:45:29.361] [76760] [HailoRT] [info] [edge_elements.cpp:396] [run_pull] Reading from stream was aborted!
[2026-08-12 22:45:29.361] [76757] [HailoRT] [info] [queue_elements.cpp:738] [run_in_thread] run_pull of queue element PullQEl_nms1yolov8n/conv52_97 was aborted!
[2026-08-12 22:45:29.361] [76760] [HailoRT] [info] [queue_elements.cpp:738] [run_in_thread] run_pull of queue element PullQEl_nms2yolov8n/conv63_97 was aborted!
[2026-08-12 22:45:29.361] [76758] [HailoRT] [info] [vdevice_native_stream.cpp:331] [read_impl] Failed read from stream HAILO_STREAM_ABORT(63) (device: 0001:01:00.0)
[2026-08-12 22:45:29.361] [76758] [HailoRT] [info] [edge_elements.cpp:396] [run_pull] Reading from stream was aborted!
[2026-08-12 22:45:29.361] [76758] [HailoRT] [info] [queue_elements.cpp:738] [run_in_thread] run_pull of queue element PullQEl_nms0yolov8n/conv53_97 was aborted!
[2026-08-12 22:45:29.361] [76761] [HailoRT] [info] [queue_elements.cpp:68] [operator()] Thread in element UserBufQEl_post_infer0yolov8n/yolov8_nms_postprocess is not running anymore, exiting..
[2026-08-12 22:45:29.361] [76742] [HailoRT] [info] [queue_elements.cpp:46] [~BaseQueueElement] Queue element UserBufQEl_post_infer0yolov8n/yolov8_nms_postprocess has 0 frames in his Queue on destruction
[2026-08-12 22:45:29.361] [76760] [HailoRT] [info] [queue_elements.cpp:68] [operator()] Thread in element PullQEl_nms2yolov8n/conv63_97 is not running anymore, exiting..
[2026-08-12 22:45:29.361] [76742] [HailoRT] [info] [queue_elements.cpp:46] [~BaseQueueElement] Queue element PullQEl_nms2yolov8n/conv63_97 has 0 frames in his Queue on destruction
[2026-08-12 22:45:29.361] [76759] [HailoRT] [info] [queue_elements.cpp:68] [operator()] Thread in element PullQEl_nms3yolov8n/conv62_97 is not running anymore, exiting..
[2026-08-12 22:45:29.362] [76742] [HailoRT] [info] [queue_elements.cpp:46] [~BaseQueueElement] Queue element PullQEl_nms3yolov8n/conv62_97 has 0 frames in his Queue on destruction
[2026-08-12 22:45:29.362] [76758] [HailoRT] [info] [queue_elements.cpp:68] [operator()] Thread in element PullQEl_nms0yolov8n/conv53_97 is not running anymore, exiting..
[2026-08-12 22:45:29.362] [76742] [HailoRT] [info] [queue_elements.cpp:46] [~BaseQueueElement] Queue element PullQEl_nms0yolov8n/conv53_97 has 0 frames in his Queue on destruction
[2026-08-12 22:45:29.362] [76757] [HailoRT] [info] [queue_elements.cpp:68] [operator()] Thread in element PullQEl_nms1yolov8n/conv52_97 is not running anymore, exiting..
[2026-08-12 22:45:29.362] [76742] [HailoRT] [info] [queue_elements.cpp:46] [~BaseQueueElement] Queue element PullQEl_nms1yolov8n/conv52_97 has 0 frames in his Queue on destruction
[2026-08-12 22:45:29.362] [76756] [HailoRT] [info] [queue_elements.cpp:68] [operator()] Thread in element PullQEl_nms2yolov8n/conv42_97 is not running anymore, exiting..
[2026-08-12 22:45:29.362] [76742] [HailoRT] [info] [queue_elements.cpp:46] [~BaseQueueElement] Queue element PullQEl_nms2yolov8n/conv42_97 has 0 frames in his Queue on destruction
[2026-08-12 22:45:29.362] [76755] [HailoRT] [info] [queue_elements.cpp:68] [operator()] Thread in element PullQEl_nms3yolov8n/conv41_97 is not running anymore, exiting..
[2026-08-12 22:45:29.362] [76742] [HailoRT] [info] [queue_elements.cpp:46] [~BaseQueueElement] Queue element PullQEl_nms3yolov8n/conv41_97 has 0 frames in his Queue on destruction
[2026-08-12 22:45:29.362] [76754] [HailoRT] [info] [queue_elements.cpp:68] [operator()] Thread in element PushQEl3yolov8n/input_layer1 is not running anymore, exiting..
[2026-08-12 22:45:29.362] [76742] [HailoRT] [info] [queue_elements.cpp:46] [~BaseQueueElement] Queue element PushQEl3yolov8n/input_layer1 has 0 frames in his Queue on destruction
[2026-08-12 22:45:29.362] [76742] [HailoRT] [info] [core_op.cpp:186] [deactivate] Deactivating took 0.488381 ms
[2026-08-12 22:45:29.362] [76742] [HailoRT] [info] [core_op.cpp:186] [deactivate] Deactivating took 0.512936 ms
[2026-08-12 22:46:01.874] [76805] [HailoRT] [info] [hef.cpp:1994] [get_network_group_and_network_name] No name was given. Addressing all networks of default network_group: yolov8n
[2026-08-12 22:46:01.887] [76805] [HailoRT] [info] [vdevice.cpp:535] [create] Creating vdevice with params: device_count: 1, scheduling_algorithm: NONE, multi_process_service: false
[2026-08-12 22:46:01.899] [76805] [HailoRT] [info] [device.cpp:51] [Device] OS Version: Linux 6.18.39+rpt-rpi-2712 #1 SMP PREEMPT Debian 1:6.18.39-1+rpt1 (2026-07-29) aarch64
[2026-08-12 22:46:01.899] [76805] [HailoRT] [info] [control.cpp:113] [control__parse_identify_results] firmware_version is: 4.23.0
[2026-08-12 22:46:01.899] [76805] [HailoRT] [info] [vdevice.cpp:682] [create] VDevice Infos: 0001:01:00.0
[2026-08-12 22:46:01.905] [76805] [HailoRT] [info] [internal_buffer_manager.cpp:77] [print_execution_results] Planned internal buffer memory: CMA=0 CMA-Desc=851968 Pinned=1560576. memory to edge layer usage factor is 0.78902406
[2026-08-12 22:46:01.905] [76805] [HailoRT] [info] [internal_buffer_manager.cpp:86] [print_execution_results] Default Internal buffer planner executed successfully
[2026-08-12 22:46:01.928] [76805] [HailoRT] [info] [device_internal.cpp:57] [configure] Configuring HEF took 28.373149 milliseconds
[2026-08-12 22:46:01.928] [76805] [HailoRT] [info] [vdevice.cpp:780] [configure] Configuring HEF on VDevice took 28.697496 milliseconds
[2026-08-12 22:46:01.929] [76805] [HailoRT] [info] [core_op.cpp:156] [activate] Activating yolov8n took 0.672915 milliseconds. Note that the function is asynchronous and thus the network is not fully activated yet.
[2026-08-12 22:46:01.929] [76805] [HailoRT] [info] [core_op.cpp:156] [activate] Activating yolov8n took 0.682693 milliseconds. Note that the function is asynchronous and thus the network is not fully activated yet.
[2026-08-12 22:46:01.929] [76805] [HailoRT] [info] [edge_elements.cpp:52] [create] Created (HwWriteEl3yolov8n/input_layer1 | hw_frame_size: 1228800)
[2026-08-12 22:46:01.929] [76805] [HailoRT] [info] [queue_elements.cpp:284] [create] Created (PushQEl3yolov8n/input_layer1 | timeout: 10s)
[2026-08-12 22:46:01.929] [76805] [HailoRT] [info] [filter_elements.cpp:101] [create] Created (PreInferEl3yolov8n/input_layer1 | Reorder - src_order: NHWC, src_shape: (640, 640, 3), dst_order: NHCW, dst_shape: (640, 640, 3))
[2026-08-12 22:46:01.929] [76805] [HailoRT] [info] [vstream.cpp:754] [InputVStreamImpl] Creating yolov8n/input_layer1...
[2026-08-12 22:46:01.929] [76805] [HailoRT] [info] [vstream_builder.cpp:102] [create_inputs] Input pipeline 'yolov8n/input_layer1': (PreInferEl3yolov8n/input_layer1 | Reorder - src_order: NHWC, src_shape: (640, 640, 3), dst_order: NHCW, dst_shape: (640, 640, 3)) >> (PushQEl3yolov8n/input_layer1 | timeout: 10s) >> (HwWriteEl3yolov8n/input_layer1 | hw_frame_size: 1228800) >> HW
[2026-08-12 22:46:01.929] [76805] [HailoRT] [info] [multi_io_elements.cpp:135] [create] Created (NmsPPMuxEl0YOLOV8-Post-Process | Op YOLOV8, Name: YOLOV8-Post-Process, Score threshold: 0.200, IoU threshold: 0.70, Classes: 80, Max bboxes per class: 100, Image height: 640, Image width: 640)
[2026-08-12 22:46:01.929] [76805] [HailoRT] [info] [edge_elements.cpp:287] [create] Created (HwReadEl3yolov8n/conv41_97 | hw_frame_size: 409600)
[2026-08-12 22:46:01.929] [76805] [HailoRT] [info] [queue_elements.cpp:657] [create] Created (PullQEl_nms3yolov8n/conv41_97 | timeout: 10s)
[2026-08-12 22:46:01.929] [76805] [HailoRT] [info] [edge_elements.cpp:287] [create] Created (HwReadEl2yolov8n/conv42_97 | hw_frame_size: 512000)
[2026-08-12 22:46:01.929] [76805] [HailoRT] [info] [queue_elements.cpp:657] [create] Created (PullQEl_nms2yolov8n/conv42_97 | timeout: 10s)
[2026-08-12 22:46:01.929] [76805] [HailoRT] [info] [edge_elements.cpp:287] [create] Created (HwReadEl1yolov8n/conv52_97 | hw_frame_size: 102400)
[2026-08-12 22:46:01.929] [76805] [HailoRT] [info] [queue_elements.cpp:657] [create] Created (PullQEl_nms1yolov8n/conv52_97 | timeout: 10s)
[2026-08-12 22:46:01.929] [76805] [HailoRT] [info] [edge_elements.cpp:287] [create] Created (HwReadEl0yolov8n/conv53_97 | hw_frame_size: 128000)
[2026-08-12 22:46:01.929] [76805] [HailoRT] [info] [queue_elements.cpp:657] [create] Created (PullQEl_nms0yolov8n/conv53_97 | timeout: 10s)
[2026-08-12 22:46:01.930] [76805] [HailoRT] [info] [edge_elements.cpp:287] [create] Created (HwReadEl3yolov8n/conv62_97 | hw_frame_size: 30720)
[2026-08-12 22:46:01.930] [76805] [HailoRT] [info] [queue_elements.cpp:657] [create] Created (PullQEl_nms3yolov8n/conv62_97 | timeout: 10s)
[2026-08-12 22:46:01.930] [76805] [HailoRT] [info] [edge_elements.cpp:287] [create] Created (HwReadEl2yolov8n/conv63_97 | hw_frame_size: 38400)
[2026-08-12 22:46:01.930] [76805] [HailoRT] [info] [queue_elements.cpp:657] [create] Created (PullQEl_nms2yolov8n/conv63_97 | timeout: 10s)
[2026-08-12 22:46:01.930] [76805] [HailoRT] [info] [queue_elements.cpp:800] [create] Created (UserBufQEl_post_infer0yolov8n/yolov8_nms_postprocess | timeout: 10s)
[2026-08-12 22:46:01.930] [76805] [HailoRT] [info] [vstream.cpp:1114] [OutputVStreamImpl] Creating yolov8n/yolov8_nms_postprocess...
[2026-08-12 22:46:01.930] [76805] [HailoRT] [info] [vstream_builder.cpp:622] [create_output_post_process_nms] Output pipeline 'yolov8n/yolov8_nms_postprocess': HW >> (HwReadEl3yolov8n/conv41_97 | hw_frame_size: 409600) >> (PullQEl_nms3yolov8n/conv41_97) >> (HwReadEl2yolov8n/conv42_97 | hw_frame_size: 512000) >> (PullQEl_nms2yolov8n/conv42_97) >> (HwReadEl1yolov8n/conv52_97 | hw_frame_size: 102400) >> (PullQEl_nms1yolov8n/conv52_97) >> (HwReadEl0yolov8n/conv53_97 | hw_frame_size: 128000) >> (PullQEl_nms0yolov8n/conv53_97) >> (HwReadEl3yolov8n/conv62_97 | hw_frame_size: 30720) >> (PullQEl_nms3yolov8n/conv62_97) >> (HwReadEl2yolov8n/conv63_97 | hw_frame_size: 38400) >> (PullQEl_nms2yolov8n/conv63_97) >> (NmsPPMuxEl0YOLOV8-Post-Process | Op YOLOV8, Name: YOLOV8-Post-Process, Score threshold: 0.200, IoU threshold: 0.70, Classes: 80, Max bboxes per class: 100, Image height: 640, Image width: 640) >> (UserBufQEl_post_infer0yolov8n/yolov8_nms_postprocess | timeout: 10s)
[2026-08-12 22:46:01.943] [76820] [HailoRT] [info] [vdevice_native_stream.cpp:331] [read_impl] Failed read from stream HAILO_STREAM_ABORT(63) (device: 0001:01:00.0)
[2026-08-12 22:46:01.943] [76821] [HailoRT] [info] [vdevice_native_stream.cpp:331] [read_impl] Failed read from stream HAILO_STREAM_ABORT(63) (device: 0001:01:00.0)
[2026-08-12 22:46:01.943] [76823] [HailoRT] [info] [vdevice_native_stream.cpp:331] [read_impl] Failed read from stream HAILO_STREAM_ABORT(63) (device: 0001:01:00.0)
[2026-08-12 22:46:01.943] [76823] [HailoRT] [info] [edge_elements.cpp:396] [run_pull] Reading from stream was aborted!
[2026-08-12 22:46:01.943] [76822] [HailoRT] [info] [vdevice_native_stream.cpp:331] [read_impl] Failed read from stream HAILO_STREAM_ABORT(63) (device: 0001:01:00.0)
[2026-08-12 22:46:01.943] [76821] [HailoRT] [info] [edge_elements.cpp:396] [run_pull] Reading from stream was aborted!
[2026-08-12 22:46:01.943] [76818] [HailoRT] [info] [vdevice_native_stream.cpp:331] [read_impl] Failed read from stream HAILO_STREAM_ABORT(63) (device: 0001:01:00.0)
[2026-08-12 22:46:01.944] [76818] [HailoRT] [info] [edge_elements.cpp:396] [run_pull] Reading from stream was aborted!
[2026-08-12 22:46:01.943] [76820] [HailoRT] [info] [edge_elements.cpp:396] [run_pull] Reading from stream was aborted!
[2026-08-12 22:46:01.944] [76822] [HailoRT] [info] [edge_elements.cpp:396] [run_pull] Reading from stream was aborted!
[2026-08-12 22:46:01.943] [76823] [HailoRT] [info] [queue_elements.cpp:738] [run_in_thread] run_pull of queue element PullQEl_nms2yolov8n/conv63_97 was aborted!
[2026-08-12 22:46:01.944] [76821] [HailoRT] [info] [queue_elements.cpp:738] [run_in_thread] run_pull of queue element PullQEl_nms0yolov8n/conv53_97 was aborted!
[2026-08-12 22:46:01.943] [76819] [HailoRT] [info] [vdevice_native_stream.cpp:331] [read_impl] Failed read from stream HAILO_STREAM_ABORT(63) (device: 0001:01:00.0)
[2026-08-12 22:46:01.944] [76819] [HailoRT] [info] [edge_elements.cpp:396] [run_pull] Reading from stream was aborted!
[2026-08-12 22:46:01.944] [76820] [HailoRT] [info] [queue_elements.cpp:738] [run_in_thread] run_pull of queue element PullQEl_nms1yolov8n/conv52_97 was aborted!
[2026-08-12 22:46:01.944] [76822] [HailoRT] [info] [queue_elements.cpp:738] [run_in_thread] run_pull of queue element PullQEl_nms3yolov8n/conv62_97 was aborted!
[2026-08-12 22:46:01.944] [76818] [HailoRT] [info] [queue_elements.cpp:738] [run_in_thread] run_pull of queue element PullQEl_nms3yolov8n/conv41_97 was aborted!
[2026-08-12 22:46:01.944] [76819] [HailoRT] [info] [queue_elements.cpp:738] [run_in_thread] run_pull of queue element PullQEl_nms2yolov8n/conv42_97 was aborted!
[2026-08-12 22:46:01.944] [76824] [HailoRT] [info] [queue_elements.cpp:68] [operator()] Thread in element UserBufQEl_post_infer0yolov8n/yolov8_nms_postprocess is not running anymore, exiting..
[2026-08-12 22:46:01.944] [76805] [HailoRT] [info] [queue_elements.cpp:46] [~BaseQueueElement] Queue element UserBufQEl_post_infer0yolov8n/yolov8_nms_postprocess has 0 frames in his Queue on destruction
[2026-08-12 22:46:01.944] [76823] [HailoRT] [info] [queue_elements.cpp:68] [operator()] Thread in element PullQEl_nms2yolov8n/conv63_97 is not running anymore, exiting..
[2026-08-12 22:46:01.944] [76805] [HailoRT] [info] [queue_elements.cpp:46] [~BaseQueueElement] Queue element PullQEl_nms2yolov8n/conv63_97 has 0 frames in his Queue on destruction
[2026-08-12 22:46:01.944] [76822] [HailoRT] [info] [queue_elements.cpp:68] [operator()] Thread in element PullQEl_nms3yolov8n/conv62_97 is not running anymore, exiting..
[2026-08-12 22:46:01.944] [76805] [HailoRT] [info] [queue_elements.cpp:46] [~BaseQueueElement] Queue element PullQEl_nms3yolov8n/conv62_97 has 0 frames in his Queue on destruction
[2026-08-12 22:46:01.944] [76821] [HailoRT] [info] [queue_elements.cpp:68] [operator()] Thread in element PullQEl_nms0yolov8n/conv53_97 is not running anymore, exiting..
[2026-08-12 22:46:01.944] [76805] [HailoRT] [info] [queue_elements.cpp:46] [~BaseQueueElement] Queue element PullQEl_nms0yolov8n/conv53_97 has 0 frames in his Queue on destruction
[2026-08-12 22:46:01.944] [76820] [HailoRT] [info] [queue_elements.cpp:68] [operator()] Thread in element PullQEl_nms1yolov8n/conv52_97 is not running anymore, exiting..
[2026-08-12 22:46:01.944] [76805] [HailoRT] [info] [queue_elements.cpp:46] [~BaseQueueElement] Queue element PullQEl_nms1yolov8n/conv52_97 has 0 frames in his Queue on destruction
[2026-08-12 22:46:01.944] [76819] [HailoRT] [info] [queue_elements.cpp:68] [operator()] Thread in element PullQEl_nms2yolov8n/conv42_97 is not running anymore, exiting..
[2026-08-12 22:46:01.944] [76805] [HailoRT] [info] [queue_elements.cpp:46] [~BaseQueueElement] Queue element PullQEl_nms2yolov8n/conv42_97 has 0 frames in his Queue on destruction
[2026-08-12 22:46:01.944] [76818] [HailoRT] [info] [queue_elements.cpp:68] [operator()] Thread in element PullQEl_nms3yolov8n/conv41_97 is not running anymore, exiting..
[2026-08-12 22:46:01.944] [76805] [HailoRT] [info] [queue_elements.cpp:46] [~BaseQueueElement] Queue element PullQEl_nms3yolov8n/conv41_97 has 0 frames in his Queue on destruction
[2026-08-12 22:46:01.944] [76817] [HailoRT] [info] [queue_elements.cpp:68] [operator()] Thread in element PushQEl3yolov8n/input_layer1 is not running anymore, exiting..
[2026-08-12 22:46:01.944] [76805] [HailoRT] [info] [queue_elements.cpp:46] [~BaseQueueElement] Queue element PushQEl3yolov8n/input_layer1 has 0 frames in his Queue on destruction
[2026-08-12 22:46:01.944] [76805] [HailoRT] [info] [core_op.cpp:186] [deactivate] Deactivating took 0.421475 ms
[2026-08-12 22:46:01.944] [76805] [HailoRT] [info] [core_op.cpp:186] [deactivate] Deactivating took 0.445438 ms
[2026-08-12 22:46:20.690] [76878] [HailoRT] [info] [hef.cpp:1994] [get_network_group_and_network_name] No name was given. Addressing all networks of default network_group: yolov8n
[2026-08-12 22:46:20.704] [76878] [HailoRT] [info] [vdevice.cpp:535] [create] Creating vdevice with params: device_count: 1, scheduling_algorithm: NONE, multi_process_service: false
[2026-08-12 22:46:20.715] [76878] [HailoRT] [info] [device.cpp:51] [Device] OS Version: Linux 6.18.39+rpt-rpi-2712 #1 SMP PREEMPT Debian 1:6.18.39-1+rpt1 (2026-07-29) aarch64
[2026-08-12 22:46:20.715] [76878] [HailoRT] [info] [control.cpp:113] [control__parse_identify_results] firmware_version is: 4.23.0
[2026-08-12 22:46:20.715] [76878] [HailoRT] [info] [vdevice.cpp:682] [create] VDevice Infos: 0001:01:00.0
[2026-08-12 22:46:20.722] [76878] [HailoRT] [info] [internal_buffer_manager.cpp:77] [print_execution_results] Planned internal buffer memory: CMA=0 CMA-Desc=851968 Pinned=1560576. memory to edge layer usage factor is 0.78902406
[2026-08-12 22:46:20.722] [76878] [HailoRT] [info] [internal_buffer_manager.cpp:86] [print_execution_results] Default Internal buffer planner executed successfully
[2026-08-12 22:46:20.745] [76878] [HailoRT] [info] [device_internal.cpp:57] [configure] Configuring HEF took 29.386302 milliseconds
[2026-08-12 22:46:20.745] [76878] [HailoRT] [info] [vdevice.cpp:780] [configure] Configuring HEF on VDevice took 29.706852 milliseconds
[2026-08-12 22:46:20.746] [76878] [HailoRT] [info] [core_op.cpp:156] [activate] Activating yolov8n took 0.653564 milliseconds. Note that the function is asynchronous and thus the network is not fully activated yet.
[2026-08-12 22:46:20.746] [76878] [HailoRT] [info] [core_op.cpp:156] [activate] Activating yolov8n took 0.663712 milliseconds. Note that the function is asynchronous and thus the network is not fully activated yet.
[2026-08-12 22:46:20.746] [76878] [HailoRT] [info] [edge_elements.cpp:52] [create] Created (HwWriteEl3yolov8n/input_layer1 | hw_frame_size: 1228800)
[2026-08-12 22:46:20.746] [76878] [HailoRT] [info] [queue_elements.cpp:284] [create] Created (PushQEl3yolov8n/input_layer1 | timeout: 10s)
[2026-08-12 22:46:20.746] [76878] [HailoRT] [info] [filter_elements.cpp:101] [create] Created (PreInferEl3yolov8n/input_layer1 | Reorder - src_order: NHWC, src_shape: (640, 640, 3), dst_order: NHCW, dst_shape: (640, 640, 3))
[2026-08-12 22:46:20.746] [76878] [HailoRT] [info] [vstream.cpp:754] [InputVStreamImpl] Creating yolov8n/input_layer1...
[2026-08-12 22:46:20.746] [76878] [HailoRT] [info] [vstream_builder.cpp:102] [create_inputs] Input pipeline 'yolov8n/input_layer1': (PreInferEl3yolov8n/input_layer1 | Reorder - src_order: NHWC, src_shape: (640, 640, 3), dst_order: NHCW, dst_shape: (640, 640, 3)) >> (PushQEl3yolov8n/input_layer1 | timeout: 10s) >> (HwWriteEl3yolov8n/input_layer1 | hw_frame_size: 1228800) >> HW
[2026-08-12 22:46:20.746] [76878] [HailoRT] [info] [multi_io_elements.cpp:135] [create] Created (NmsPPMuxEl0YOLOV8-Post-Process | Op YOLOV8, Name: YOLOV8-Post-Process, Score threshold: 0.200, IoU threshold: 0.70, Classes: 80, Max bboxes per class: 100, Image height: 640, Image width: 640)
[2026-08-12 22:46:20.746] [76878] [HailoRT] [info] [edge_elements.cpp:287] [create] Created (HwReadEl3yolov8n/conv41_97 | hw_frame_size: 409600)
[2026-08-12 22:46:20.746] [76878] [HailoRT] [info] [queue_elements.cpp:657] [create] Created (PullQEl_nms3yolov8n/conv41_97 | timeout: 10s)
[2026-08-12 22:46:20.746] [76878] [HailoRT] [info] [edge_elements.cpp:287] [create] Created (HwReadEl2yolov8n/conv42_97 | hw_frame_size: 512000)
[2026-08-12 22:46:20.746] [76878] [HailoRT] [info] [queue_elements.cpp:657] [create] Created (PullQEl_nms2yolov8n/conv42_97 | timeout: 10s)
[2026-08-12 22:46:20.746] [76878] [HailoRT] [info] [edge_elements.cpp:287] [create] Created (HwReadEl1yolov8n/conv52_97 | hw_frame_size: 102400)
[2026-08-12 22:46:20.746] [76878] [HailoRT] [info] [queue_elements.cpp:657] [create] Created (PullQEl_nms1yolov8n/conv52_97 | timeout: 10s)
[2026-08-12 22:46:20.746] [76878] [HailoRT] [info] [edge_elements.cpp:287] [create] Created (HwReadEl0yolov8n/conv53_97 | hw_frame_size: 128000)
[2026-08-12 22:46:20.747] [76878] [HailoRT] [info] [queue_elements.cpp:657] [create] Created (PullQEl_nms0yolov8n/conv53_97 | timeout: 10s)
[2026-08-12 22:46:20.747] [76878] [HailoRT] [info] [edge_elements.cpp:287] [create] Created (HwReadEl3yolov8n/conv62_97 | hw_frame_size: 30720)
[2026-08-12 22:46:20.747] [76878] [HailoRT] [info] [queue_elements.cpp:657] [create] Created (PullQEl_nms3yolov8n/conv62_97 | timeout: 10s)
[2026-08-12 22:46:20.747] [76878] [HailoRT] [info] [edge_elements.cpp:287] [create] Created (HwReadEl2yolov8n/conv63_97 | hw_frame_size: 38400)
[2026-08-12 22:46:20.747] [76878] [HailoRT] [info] [queue_elements.cpp:657] [create] Created (PullQEl_nms2yolov8n/conv63_97 | timeout: 10s)
[2026-08-12 22:46:20.747] [76878] [HailoRT] [info] [queue_elements.cpp:800] [create] Created (UserBufQEl_post_infer0yolov8n/yolov8_nms_postprocess | timeout: 10s)
[2026-08-12 22:46:20.747] [76878] [HailoRT] [info] [vstream.cpp:1114] [OutputVStreamImpl] Creating yolov8n/yolov8_nms_postprocess...
[2026-08-12 22:46:20.747] [76878] [HailoRT] [info] [vstream_builder.cpp:622] [create_output_post_process_nms] Output pipeline 'yolov8n/yolov8_nms_postprocess': HW >> (HwReadEl3yolov8n/conv41_97 | hw_frame_size: 409600) >> (PullQEl_nms3yolov8n/conv41_97) >> (HwReadEl2yolov8n/conv42_97 | hw_frame_size: 512000) >> (PullQEl_nms2yolov8n/conv42_97) >> (HwReadEl1yolov8n/conv52_97 | hw_frame_size: 102400) >> (PullQEl_nms1yolov8n/conv52_97) >> (HwReadEl0yolov8n/conv53_97 | hw_frame_size: 128000) >> (PullQEl_nms0yolov8n/conv53_97) >> (HwReadEl3yolov8n/conv62_97 | hw_frame_size: 30720) >> (PullQEl_nms3yolov8n/conv62_97) >> (HwReadEl2yolov8n/conv63_97 | hw_frame_size: 38400) >> (PullQEl_nms2yolov8n/conv63_97) >> (NmsPPMuxEl0YOLOV8-Post-Process | Op YOLOV8, Name: YOLOV8-Post-Process, Score threshold: 0.200, IoU threshold: 0.70, Classes: 80, Max bboxes per class: 100, Image height: 640, Image width: 640) >> (UserBufQEl_post_infer0yolov8n/yolov8_nms_postprocess | timeout: 10s)
[2026-08-12 22:46:20.761] [76891] [HailoRT] [info] [vdevice_native_stream.cpp:331] [read_impl] Failed read from stream HAILO_STREAM_ABORT(63) (device: 0001:01:00.0)
[2026-08-12 22:46:20.761] [76894] [HailoRT] [info] [vdevice_native_stream.cpp:331] [read_impl] Failed read from stream HAILO_STREAM_ABORT(63) (device: 0001:01:00.0)
[2026-08-12 22:46:20.761] [76891] [HailoRT] [info] [edge_elements.cpp:396] [run_pull] Reading from stream was aborted!
[2026-08-12 22:46:20.761] [76893] [HailoRT] [info] [vdevice_native_stream.cpp:331] [read_impl] Failed read from stream HAILO_STREAM_ABORT(63) (device: 0001:01:00.0)
[2026-08-12 22:46:20.761] [76892] [HailoRT] [info] [vdevice_native_stream.cpp:331] [read_impl] Failed read from stream HAILO_STREAM_ABORT(63) (device: 0001:01:00.0)
[2026-08-12 22:46:20.761] [76895] [HailoRT] [info] [vdevice_native_stream.cpp:331] [read_impl] Failed read from stream HAILO_STREAM_ABORT(63) (device: 0001:01:00.0)
[2026-08-12 22:46:20.761] [76892] [HailoRT] [info] [edge_elements.cpp:396] [run_pull] Reading from stream was aborted!
[2026-08-12 22:46:20.761] [76893] [HailoRT] [info] [edge_elements.cpp:396] [run_pull] Reading from stream was aborted!
[2026-08-12 22:46:20.761] [76891] [HailoRT] [info] [queue_elements.cpp:738] [run_in_thread] run_pull of queue element PullQEl_nms3yolov8n/conv41_97 was aborted!
[2026-08-12 22:46:20.761] [76895] [HailoRT] [info] [edge_elements.cpp:396] [run_pull] Reading from stream was aborted!
[2026-08-12 22:46:20.761] [76896] [HailoRT] [info] [vdevice_native_stream.cpp:331] [read_impl] Failed read from stream HAILO_STREAM_ABORT(63) (device: 0001:01:00.0)
[2026-08-12 22:46:20.761] [76894] [HailoRT] [info] [edge_elements.cpp:396] [run_pull] Reading from stream was aborted!
[2026-08-12 22:46:20.761] [76892] [HailoRT] [info] [queue_elements.cpp:738] [run_in_thread] run_pull of queue element PullQEl_nms2yolov8n/conv42_97 was aborted!
[2026-08-12 22:46:20.761] [76894] [HailoRT] [info] [queue_elements.cpp:738] [run_in_thread] run_pull of queue element PullQEl_nms0yolov8n/conv53_97 was aborted!
[2026-08-12 22:46:20.761] [76896] [HailoRT] [info] [edge_elements.cpp:396] [run_pull] Reading from stream was aborted!
[2026-08-12 22:46:20.761] [76896] [HailoRT] [info] [queue_elements.cpp:738] [run_in_thread] run_pull of queue element PullQEl_nms2yolov8n/conv63_97 was aborted!
[2026-08-12 22:46:20.761] [76893] [HailoRT] [info] [queue_elements.cpp:738] [run_in_thread] run_pull of queue element PullQEl_nms1yolov8n/conv52_97 was aborted!
[2026-08-12 22:46:20.761] [76895] [HailoRT] [info] [queue_elements.cpp:738] [run_in_thread] run_pull of queue element PullQEl_nms3yolov8n/conv62_97 was aborted!
[2026-08-12 22:46:20.761] [76897] [HailoRT] [info] [queue_elements.cpp:68] [operator()] Thread in element UserBufQEl_post_infer0yolov8n/yolov8_nms_postprocess is not running anymore, exiting..
[2026-08-12 22:46:20.761] [76878] [HailoRT] [info] [queue_elements.cpp:46] [~BaseQueueElement] Queue element UserBufQEl_post_infer0yolov8n/yolov8_nms_postprocess has 0 frames in his Queue on destruction
[2026-08-12 22:46:20.761] [76896] [HailoRT] [info] [queue_elements.cpp:68] [operator()] Thread in element PullQEl_nms2yolov8n/conv63_97 is not running anymore, exiting..
[2026-08-12 22:46:20.761] [76878] [HailoRT] [info] [queue_elements.cpp:46] [~BaseQueueElement] Queue element PullQEl_nms2yolov8n/conv63_97 has 0 frames in his Queue on destruction
[2026-08-12 22:46:20.761] [76895] [HailoRT] [info] [queue_elements.cpp:68] [operator()] Thread in element PullQEl_nms3yolov8n/conv62_97 is not running anymore, exiting..
[2026-08-12 22:46:20.761] [76878] [HailoRT] [info] [queue_elements.cpp:46] [~BaseQueueElement] Queue element PullQEl_nms3yolov8n/conv62_97 has 0 frames in his Queue on destruction
[2026-08-12 22:46:20.761] [76894] [HailoRT] [info] [queue_elements.cpp:68] [operator()] Thread in element PullQEl_nms0yolov8n/conv53_97 is not running anymore, exiting..
[2026-08-12 22:46:20.761] [76878] [HailoRT] [info] [queue_elements.cpp:46] [~BaseQueueElement] Queue element PullQEl_nms0yolov8n/conv53_97 has 0 frames in his Queue on destruction
[2026-08-12 22:46:20.761] [76893] [HailoRT] [info] [queue_elements.cpp:68] [operator()] Thread in element PullQEl_nms1yolov8n/conv52_97 is not running anymore, exiting..
[2026-08-12 22:46:20.761] [76878] [HailoRT] [info] [queue_elements.cpp:46] [~BaseQueueElement] Queue element PullQEl_nms1yolov8n/conv52_97 has 0 frames in his Queue on destruction
[2026-08-12 22:46:20.761] [76892] [HailoRT] [info] [queue_elements.cpp:68] [operator()] Thread in element PullQEl_nms2yolov8n/conv42_97 is not running anymore, exiting..
[2026-08-12 22:46:20.761] [76878] [HailoRT] [info] [queue_elements.cpp:46] [~BaseQueueElement] Queue element PullQEl_nms2yolov8n/conv42_97 has 0 frames in his Queue on destruction
[2026-08-12 22:46:20.761] [76891] [HailoRT] [info] [queue_elements.cpp:68] [operator()] Thread in element PullQEl_nms3yolov8n/conv41_97 is not running anymore, exiting..
[2026-08-12 22:46:20.761] [76878] [HailoRT] [info] [queue_elements.cpp:46] [~BaseQueueElement] Queue element PullQEl_nms3yolov8n/conv41_97 has 0 frames in his Queue on destruction
[2026-08-12 22:46:20.762] [76890] [HailoRT] [info] [queue_elements.cpp:68] [operator()] Thread in element PushQEl3yolov8n/input_layer1 is not running anymore, exiting..
[2026-08-12 22:46:20.762] [76878] [HailoRT] [info] [queue_elements.cpp:46] [~BaseQueueElement] Queue element PushQEl3yolov8n/input_layer1 has 0 frames in his Queue on destruction
[2026-08-12 22:46:20.762] [76878] [HailoRT] [info] [core_op.cpp:186] [deactivate] Deactivating took 0.414401 ms
[2026-08-12 22:46:20.762] [76878] [HailoRT] [info] [core_op.cpp:186] [deactivate] Deactivating took 0.431678 ms
[2026-08-12 22:53:55.172] [77758] [HailoRT] [info] [hef.cpp:1994] [get_network_group_and_network_name] No name was given. Addressing all networks of default network_group: yolov8n
[2026-08-12 22:53:55.173] [77758] [HailoRT] [info] [hef.cpp:1994] [get_network_group_and_network_name] No name was given. Addressing all networks of default network_group: yolov8n
